code,games,participants
CHN,1998 Winter,5
CHN,2002 Winter,9
CHN,1984 Summer,37
CHN,1996 Summer,17
CHN,2016 Summer,37
CHN,2014 Winter,5
CHN,2008 Summer,57
CHN,2012 Summer,29
CHN,1994 Winter,2
CHN,1988 Summer,30
CHN,2000 Summer,17
CHN,2004 Summer,15
CHN,1992 Summer,19
CHN,2010 Winter,7
CHN,2006 Winter,6
DEN,1908 Summer,3
DEN,2016 Summer,16
DEN,1912 Summer,33
DEN,1948 Summer,27
DEN,1988 Summer,3
DEN,2012 Summer,8
DEN,1906 Summer,1
DEN,1976 Summer,5
DEN,1992 Summer,9
DEN,1932 Summer,4
DEN,1984 Summer,10
DEN,1968 Summer,6
DEN,2000 Summer,4
DEN,2004 Summer,9
DEN,1920 Summer,1
DEN,1952 Summer,5
DEN,2008 Summer,6
DEN,1924 Summer,3
DEN,1960 Summer,4
DEN,1996 Summer,1
DEN,1928 Summer,4
DEN,1964 Summer,4
DEN,1896 Summer,3
DEN,1936 Summer,3
DEN,1900 Summer,2
DEN,1980 Summer,2
DEN,1956 Summer,1
NED,1988 Summer,36
NED,2012 Summer,19
NED,1968 Winter,3
NED,1908 Summer,16
NED,2014 Winter,9
NED,1964 Summer,16
NED,1920 Summer,25
NED,2010 Winter,6
NED,1948 Summer,32
NED,1900 Summer,16
NED,2000 Summer,23
NED,1924 Summer,18
NED,2008 Summer,4
NED,1912 Summer,26
NED,2004 Summer,22
NED,1976 Summer,12
NED,2016 Summer,13
NED,1984 Summer,14
NED,1980 Winter,1
NED,1996 Summer,26
NED,1980 Summer,5
NED,1992 Summer,8
NED,1936 Summer,21
NED,1968 Summer,1
NED,1988 Winter,2
NED,1972 Winter,2
NED,2006 Winter,8
NED,1960 Summer,2
NED,1928 Summer,8
NED,1972 Summer,2
NED,1906 Summer,5
NED,1960 Winter,1
NED,1994 Winter,3
NED,1998 Winter,2
NED,1976 Winter,3
NED,1992 Winter,2
NED,1932 Summer,1
USA,2014 Winter,24
USA,1912 Summer,36
USA,2016 Summer,71
USA,1952 Summer,28
USA,1932 Summer,61
USA,1996 Summer,52
USA,1964 Winter,5
USA,1920 Summer,38
USA,2008 Summer,80
USA,1984 Summer,50
USA,1988 Summer,54
USA,1964 Summer,37
USA,1904 Summer,125
USA,2004 Summer,71
USA,1972 Summer,43
USA,1960 Winter,4
USA,1924 Summer,49
USA,1992 Summer,85
USA,1960 Summer,21
USA,2010 Winter,22
USA,1948 Summer,35
USA,1956 Summer,20
USA,1968 Summer,35
USA,1936 Summer,16
USA,1928 Summer,17
USA,2000 Summer,51
USA,2012 Summer,46
USA,1948 Winter,6
USA,1988 Winter,4
USA,1976 Summer,36
USA,1900 Summer,17
USA,1956 Winter,5
USA,2006 Winter,32
USA,1992 Winter,2
USA,2002 Winter,15
USA,1908 Summer,15
USA,1994 Winter,5
USA,1936 Winter,14
USA,1896 Summer,2
USA,1972 Winter,3
USA,1906 Summer,6
USA,1998 Winter,5
USA,1928 Winter,2
USA,1952 Winter,1
USA,1924 Winter,1
USA,1932 Winter,3
USA,1980 Winter,2
USA,1968 Winter,1
USA,1976 Winter,5
FIN,1920 Summer,17
FIN,2014 Winter,24
FIN,1948 Summer,8
FIN,1952 Summer,29
FIN,1932 Summer,16
FIN,1912 Summer,22
FIN,1994 Winter,29
FIN,1928 Summer,9
FIN,2010 Winter,46
FIN,1998 Winter,49
FIN,1924 Summer,15
FIN,1984 Summer,6
FIN,1972 Summer,6
FIN,1992 Winter,6
FIN,1908 Summer,28
FIN,1928 Winter,1
FIN,2008 Summer,2
FIN,1960 Winter,5
FIN,1956 Summer,22
FIN,2002 Winter,1
FIN,1980 Summer,5
FIN,1984 Winter,12
FIN,1936 Summer,13
FIN,1906 Summer,1
FIN,1972 Winter,1
FIN,2012 Summer,4
FIN,1992 Summer,2
FIN,1980 Winter,6
FIN,1988 Winter,5
FIN,1976 Winter,1
FIN,2006 Winter,7
FIN,1948 Winter,2
FIN,1960 Summer,4
FIN,1968 Winter,5
FIN,1964 Winter,5
FIN,1952 Winter,2
FIN,1936 Winter,3
FIN,1924 Winter,3
FIN,1968 Summer,1
FIN,2016 Summer,1
FIN,1964 Summer,2
FIN,1988 Summer,2
FIN,1996 Summer,1
FIN,1932 Winter,1
FIN,1956 Winter,1
FIN,2000 Summer,1
NOR,1992 Winter,5
NOR,1994 Winter,5
NOR,1996 Summer,18
NOR,1952 Winter,6
NOR,1920 Summer,27
NOR,2016 Summer,19
NOR,1912 Summer,34
NOR,1972 Summer,4
NOR,1900 Summer,3
NOR,1936 Winter,3
NOR,1980 Winter,9
NOR,1998 Winter,12
NOR,2006 Winter,12
NOR,1968 Winter,2
NOR,1972 Winter,7
NOR,1928 Winter,5
NOR,2010 Winter,9
NOR,2014 Winter,13
NOR,1956 Summer,2
NOR,1964 Winter,6
NOR,1936 Summer,15
NOR,2000 Summer,19
NOR,1988 Winter,5
NOR,1984 Winter,4
NOR,1948 Winter,6
NOR,2004 Summer,2
NOR,1956 Winter,1
NOR,1948 Summer,11
NOR,1984 Summer,3
NOR,1924 Winter,6
NOR,1908 Summer,3
NOR,1924 Summer,3
NOR,2002 Winter,7
NOR,1992 Summer,1
NOR,1976 Winter,1
NOR,2012 Summer,1
NOR,2008 Summer,1
NOR,1932 Winter,3
NOR,1928 Summer,1
ROU,2008 Summer,16
ROU,1976 Summer,23
ROU,1984 Summer,35
ROU,1996 Summer,15
ROU,2000 Summer,13
ROU,1980 Summer,46
ROU,1988 Summer,16
ROU,1924 Summer,16
ROU,1992 Summer,14
ROU,2016 Summer,10
ROU,1972 Summer,27
ROU,2012 Summer,6
ROU,1964 Summer,10
ROU,2004 Summer,11
ROU,1968 Summer,9
ROU,1956 Summer,10
ROU,1952 Summer,2
ROU,1960 Summer,11
ROU,1968 Winter,2
EST,2000 Summer,2
EST,2016 Summer,4
EST,1928 Summer,6
EST,2012 Summer,1
EST,1924 Summer,4
EST,1936 Summer,3
EST,2002 Winter,1
EST,2004 Summer,2
EST,1992 Summer,2
FRA,1992 Summer,43
FRA,1920 Summer,57
FRA,1900 Summer,82
FRA,1984 Summer,31
FRA,1936 Winter,1
FRA,1996 Summer,20
FRA,1924 Winter,10
FRA,1998 Winter,12
FRA,1952 Summer,17
FRA,2008 Summer,28
FRA,1928 Summer,14
FRA,2004 Summer,22
FRA,1908 Summer,23
FRA,2006 Winter,10
FRA,1994 Winter,10
FRA,2012 Summer,22
FRA,1968 Summer,10
FRA,2000 Summer,14
FRA,2016 Summer,21
FRA,1980 Summer,6
FRA,2014 Winter,10
FRA,1906 Summer,28
FRA,1948 Summer,24
FRA,1972 Summer,15
FRA,1988 Summer,13
FRA,1976 Summer,8
FRA,1924 Summer,22
FRA,1964 Summer,17
FRA,1984 Winter,2
FRA,1960 Winter,2
FRA,2010 Winter,6
FRA,1912 Summer,5
FRA,1932 Summer,6
FRA,1936 Summer,18
FRA,1956 Summer,13
FRA,1948 Winter,2
FRA,1976 Winter,1
FRA,2002 Winter,5
FRA,1952 Winter,1
FRA,1960 Summer,6
FRA,1968 Winter,2
FRA,1896 Summer,2
FRA,1992 Winter,1
FRA,1980 Winter,1
FRA,1972 Winter,2
FRA,1988 Winter,1
MAR,1988 Summer,2
MAR,1992 Summer,1
MAR,2008 Summer,1
MAR,2000 Summer,4
MAR,1996 Summer,2
MAR,2012 Summer,1
MAR,2016 Summer,1
ESP,2008 Summer,16
ESP,1984 Summer,3
ESP,2016 Summer,17
ESP,2012 Summer,25
ESP,1960 Summer,14
ESP,1932 Summer,1
ESP,2000 Summer,20
ESP,2004 Summer,9
ESP,1996 Summer,22
ESP,1992 Winter,1
ESP,1992 Summer,2
ESP,1988 Summer,2
ESP,1980 Summer,3
ESP,1972 Summer,1
EGY,2004 Summer,3
EGY,1936 Summer,2
EGY,2016 Summer,3
EGY,2008 Summer,1
EGY,1948 Summer,1
EGY,1952 Summer,1
EGY,1928 Summer,1
IRI,2016 Summer,4
IRI,1960 Summer,3
IRI,2012 Summer,3
IRI,1964 Summer,2
IRI,2004 Summer,2
IRI,1952 Summer,4
IRI,1972 Summer,1
IRI,1992 Summer,2
IRI,1996 Summer,1
IRI,2008 Summer,1
IRI,1956 Summer,1
IRI,1976 Summer,1
IRI,2000 Summer,1
IRI,1948 Summer,1
IRI,1968 Summer,2
BUL,1980 Summer,38
BUL,1972 Summer,6
BUL,1976 Summer,18
BUL,1956 Summer,14
BUL,1988 Summer,17
BUL,2004 Summer,14
BUL,1992 Summer,7
BUL,1996 Summer,6
BUL,1968 Summer,3
BUL,2016 Summer,6
BUL,1960 Summer,3
BUL,1980 Winter,1
BUL,1964 Summer,2
BUL,1952 Summer,1
BUL,2002 Winter,2
BUL,2012 Summer,1
BUL,2008 Summer,3
BUL,2000 Summer,2
ITA,2016 Summer,24
ITA,1936 Summer,5
ITA,2004 Summer,39
ITA,1932 Summer,18
ITA,1968 Summer,20
ITA,1994 Winter,12
ITA,1912 Summer,2
ITA,1920 Summer,8
ITA,1924 Summer,21
ITA,1996 Summer,28
ITA,1952 Summer,15
ITA,1964 Winter,8
ITA,1960 Summer,34
ITA,1976 Summer,4
ITA,1928 Summer,26
ITA,2012 Summer,30
ITA,1972 Summer,13
ITA,1988 Summer,8
ITA,1992 Summer,14
ITA,1984 Summer,28
ITA,1992 Winter,8
ITA,1998 Winter,5
ITA,2002 Winter,6
ITA,1964 Summer,9
ITA,1906 Summer,27
ITA,1948 Summer,14
ITA,1956 Summer,10
ITA,2000 Summer,29
ITA,1980 Summer,8
ITA,2006 Winter,14
ITA,2008 Summer,20
ITA,1952 Winter,1
ITA,1960 Winter,1
ITA,2010 Winter,3
ITA,2014 Winter,12
ITA,1988 Winter,5
ITA,1976 Winter,1
ITA,1972 Winter,1
AZE,2016 Summer,10
AZE,2004 Summer,4
AZE,2012 Summer,6
AZE,2008 Summer,4
AZE,2000 Summer,1
RUS,2012 Summer,51
RUS,2016 Summer,35
RUS,2004 Summer,95
RUS,2006 Winter,13
RUS,2008 Summer,53
RUS,2002 Winter,27
RUS,2000 Summer,54
RUS,1996 Summer,34
RUS,2014 Winter,13
RUS,1912 Summer,9
RUS,2010 Winter,14
RUS,1998 Winter,6
RUS,1994 Winter,4
ARG,2004 Summer,21
ARG,2008 Summer,31
ARG,2000 Summer,3
ARG,1928 Summer,5
ARG,2012 Summer,3
ARG,1988 Summer,12
ARG,1996 Summer,1
ARG,1948 Summer,1
ARG,1936 Summer,4
ARG,1968 Summer,2
ARG,1992 Summer,2
ARG,1952 Summer,2
ARG,1960 Summer,1
ARG,1924 Summer,2
ARG,1956 Summer,1
CUB,2008 Summer,11
CUB,1980 Summer,5
CUB,1992 Summer,14
CUB,1972 Summer,18
CUB,2012 Summer,6
CUB,2016 Summer,4
CUB,2004 Summer,22
CUB,1996 Summer,10
CUB,2000 Summer,12
CUB,1976 Summer,14
BLR,2000 Summer,11
BLR,1998 Winter,2
BLR,2012 Summer,8
BLR,2008 Summer,16
BLR,2004 Summer,8
BLR,1996 Summer,16
BLR,2010 Winter,1
BLR,2016 Summer,7
BLR,2002 Winter,1
BLR,2014 Winter,1
GRE,1906 Summer,30
GRE,2000 Summer,8
GRE,2008 Summer,4
GRE,1980 Summer,4
GRE,1896 Summer,20
GRE,2004 Summer,5
GRE,1968 Summer,1
GRE,1904 Summer,1
GRE,2012 Summer,3
GRE,2016 Summer,3
GRE,1984 Summer,1
GRE,1988 Summer,1
GRE,1908 Summer,1
GRE,1956 Summer,1
GRE,1912 Summer,1
CMR,1984 Summer,1
TUR,1956 Summer,2
TUR,2004 Summer,5
TUR,1952 Summer,1
TUR,2008 Summer,3
TUR,1984 Summer,3
TUR,2000 Summer,2
TUR,2016 Summer,4
TUR,1964 Summer,1
TUR,1948 Summer,2
TUR,2012 Summer,1
TUR,1992 Summer,2
TUR,1936 Summer,1
TUR,1996 Summer,1
CHI,2000 Summer,17
CHI,1956 Summer,2
CHI,2004 Summer,1
MEX,2012 Summer,3
MEX,1980 Summer,9
MEX,2000 Summer,3
MEX,1936 Summer,16
MEX,1960 Summer,1
MEX,1948 Summer,4
MEX,1956 Summer,1
MEX,1900 Summer,3
MEX,2008 Summer,2
MEX,1964 Summer,1
MEX,1988 Summer,2
MEX,2016 Summer,2
MEX,1976 Summer,1
MEX,1968 Summer,3
MEX,2004 Summer,1
MEX,1996 Summer,1
MEX,1984 Summer,1
URS,1972 Summer,60
URS,1980 Summer,126
URS,1968 Winter,5
URS,1956 Summer,55
URS,1964 Summer,51
URS,1960 Summer,45
URS,1976 Summer,77
URS,1960 Winter,28
URS,1984 Winter,12
URS,1980 Winter,7
URS,1952 Summer,19
URS,1968 Summer,64
URS,1988 Summer,99
URS,1976 Winter,11
URS,1988 Winter,12
URS,1956 Winter,6
URS,1964 Winter,9
URS,1972 Winter,3
HUN,1936 Summer,15
HUN,1988 Summer,15
HUN,1960 Summer,37
HUN,1976 Summer,35
HUN,1924 Summer,8
HUN,1968 Summer,29
HUN,1972 Summer,25
HUN,1952 Summer,32
HUN,1932 Summer,8
HUN,1948 Summer,22
HUN,2000 Summer,4
HUN,1992 Summer,8
HUN,2016 Summer,7
HUN,1908 Summer,6
HUN,1980 Summer,40
HUN,2004 Summer,4
HUN,2012 Summer,6
HUN,1964 Summer,7
HUN,1996 Summer,26
HUN,1956 Summer,14
HUN,1900 Summer,2
HUN,1906 Summer,3
HUN,1896 Summer,3
HUN,1904 Summer,1
HUN,2008 Summer,3
HUN,1912 Summer,3
HUN,1952 Winter,2
HUN,1956 Winter,2
HUN,1932 Winter,2
HUN,1936 Winter,2
NGR,2016 Summer,18
NGR,2004 Summer,8
NGR,2008 Summer,7
NGR,1996 Summer,3
NGR,1984 Summer,4
NGR,1992 Summer,4
NGR,1972 Summer,1
NGR,1964 Summer,1
ALG,2000 Summer,3
ALG,1996 Summer,1
ALG,2008 Summer,1
ALG,1984 Summer,2
ALG,1992 Summer,1
KUW,2000 Summer,1
KUW,2012 Summer,1
BRN,2012 Summer,1
PAK,1992 Summer,16
PAK,1976 Summer,16
PAK,1960 Summer,1
PAK,1988 Summer,1
IRQ,1960 Summer,1
UAR,1960 Summer,1
LIB,1980 Summer,1
LIB,1952 Summer,1
QAT,2012 Summer,2
QAT,2000 Summer,1
QAT,1992 Summer,1
MAS,2016 Summer,1
MAS,2012 Summer,1
MAS,1996 Summer,1
MAS,1992 Summer,2
GER,1936 Summer,61
GER,2004 Summer,63
GER,2016 Summer,67
GER,2000 Summer,64
GER,2012 Summer,22
GER,2008 Summer,41
GER,1900 Summer,11
GER,2002 Winter,12
GER,2006 Winter,6
GER,1998 Winter,10
GER,1996 Summer,47
GER,1906 Summer,6
GER,1992 Summer,60
GER,1932 Winter,14
GER,1964 Winter,3
GER,1964 Summer,50
GER,1912 Summer,23
GER,1994 Winter,12
GER,1928 Summer,41
GER,2014 Winter,9
GER,1908 Summer,6
GER,1960 Summer,22
GER,1956 Summer,23
GER,1952 Winter,2
GER,1952 Summer,26
GER,1932 Summer,7
GER,2010 Winter,15
GER,1992 Winter,7
GER,1956 Winter,1
GER,1960 Winter,1
GER,1928 Winter,5
GER,1896 Summer,2
GER,1904 Summer,7
CAN,1984 Summer,32
CAN,2012 Summer,33
CAN,2016 Summer,61
CAN,2000 Summer,23
CAN,1904 Summer,12
CAN,1976 Summer,14
CAN,1908 Summer,30
CAN,2008 Summer,11
CAN,1952 Winter,1
CAN,1928 Summer,21
CAN,2006 Winter,11
CAN,1932 Summer,24
CAN,1998 Winter,7
CAN,1992 Winter,3
CAN,1996 Summer,12
CAN,2010 Winter,8
CAN,1956 Summer,5
CAN,1984 Winter,1
CAN,1968 Winter,18
CAN,1994 Winter,5
CAN,1956 Winter,18
CAN,1936 Summer,9
CAN,2004 Summer,4
CAN,1964 Winter,1
CAN,1912 Summer,3
CAN,1992 Summer,12
CAN,2002 Winter,15
CAN,1968 Summer,4
CAN,1972 Summer,9
CAN,2014 Winter,5
CAN,1976 Winter,1
CAN,1948 Winter,2
CAN,1988 Summer,14
CAN,1948 Summer,5
CAN,1920 Summer,3
CAN,1932 Winter,5
CAN,1960 Winter,1
CAN,1964 Summer,1
CAN,1924 Summer,1
CAN,1988 Winter,4
CAN,1900 Summer,1
CAN,1980 Winter,1
IRL,2008 Summer,2
IRL,2012 Summer,3
IRL,1956 Summer,3
IRL,1924 Summer,1
IRL,1948 Summer,1
IRL,1964 Summer,1
IRL,1980 Summer,1
IRL,1996 Summer,1
AUS,2008 Summer,76
AUS,2016 Summer,25
AUS,1956 Summer,26
AUS,1996 Summer,84
AUS,2000 Summer,54
AUS,1964 Summer,30
AUS,1952 Summer,11
AUS,1984 Summer,31
AUS,1992 Summer,16
AUS,1960 Summer,11
AUS,1948 Summer,5
AUS,1906 Summer,3
AUS,2004 Summer,31
AUS,2012 Summer,59
AUS,1920 Summer,1
AUS,1924 Summer,2
AUS,1976 Summer,8
AUS,1994 Winter,4
AUS,1980 Summer,5
AUS,1968 Summer,11
AUS,2006 Winter,1
AUS,1988 Summer,11
AUS,1896 Summer,1
AUS,1904 Summer,1
AUS,1972 Summer,2
AUS,1928 Summer,1
AUS,2014 Winter,1
AUS,1936 Summer,1
AUS,1900 Summer,3
AUS,1932 Summer,1
AUS,1998 Winter,1
RSA,1956 Summer,7
RSA,2016 Summer,14
RSA,1948 Summer,2
RSA,1928 Summer,5
RSA,2004 Summer,3
RSA,1932 Summer,3
RSA,1920 Summer,6
RSA,2012 Summer,1
RSA,2000 Summer,3
RSA,1996 Summer,1
RSA,1952 Summer,4
RSA,1924 Summer,1
RSA,1960 Summer,2
ERI,2004 Summer,1
TUN,2016 Summer,3
TUN,1964 Summer,1
TUN,1968 Summer,1
TUN,2012 Summer,1
TUN,1996 Summer,1
BEL,1908 Summer,8
BEL,1928 Summer,4
BEL,1920 Summer,66
BEL,1924 Summer,6
BEL,1936 Summer,14
BEL,1912 Summer,11
BEL,1948 Summer,8
BEL,2000 Summer,4
BEL,1906 Summer,6
BEL,1976 Summer,6
BEL,1900 Summer,13
BEL,2016 Summer,2
BEL,1964 Summer,1
BEL,1968 Summer,2
BEL,1984 Summer,2
BEL,2004 Summer,2
BEL,1996 Summer,2
BEL,1992 Summer,2
BEL,1924 Winter,5
BEL,1960 Summer,2
BEL,1988 Summer,2
BEL,2012 Summer,2
BEL,1928 Winter,1
BEL,1998 Winter,1
BEL,1932 Summer,1
DJI,1988 Summer,1
KAZ,2008 Summer,7
KAZ,2012 Summer,5
KAZ,2016 Summer,10
KAZ,1996 Summer,4
KAZ,2004 Summer,3
KAZ,1998 Winter,2
KAZ,2014 Winter,1
IND,1972 Summer,14
IND,1968 Summer,16
IND,2012 Summer,4
IND,1952 Summer,1
IND,2008 Summer,2
IND,2016 Summer,1
IND,2000 Summer,1
IND,1996 Summer,1
KSA,2012 Summer,4
KSA,2000 Summer,1
SYR,2004 Summer,1
ETH,1992 Summer,2
ETH,2012 Summer,3
ETH,2016 Summer,5
ETH,2008 Summer,2
ETH,2004 Summer,2
ETH,1980 Summer,2
ETH,2000 Summer,3
ETH,1996 Summer,1
ETH,1972 Summer,2
UAE,2016 Summer,1
INA,1996 Summer,3
INA,2004 Summer,3
INA,2000 Summer,2
INA,2008 Summer,3
INA,2012 Summer,1
INA,1992 Summer,1
PHI,1988 Summer,1
PHI,1932 Summer,3
PHI,1992 Summer,1
PHI,1936 Summer,1
PHI,1928 Summer,1
SGP,2012 Summer,4
UZB,2016 Summer,7
UZB,2012 Summer,2
UZB,2008 Summer,3
UZB,2004 Summer,2
UZB,2000 Summer,2
UZB,1996 Summer,1
KGZ,2000 Summer,1
KGZ,2008 Summer,1
TJK,2008 Summer,1
TJK,2012 Summer,1
EUN,1992 Winter,14
EUN,1992 Summer,67
JPN,1964 Summer,25
JPN,1992 Summer,36
JPN,2004 Summer,52
JPN,1992 Winter,7
JPN,1976 Summer,10
JPN,1972 Winter,1
JPN,2016 Summer,34
JPN,1936 Summer,10
JPN,2012 Summer,33
JPN,1996 Summer,13
JPN,1984 Summer,31
JPN,2008 Summer,13
JPN,1998 Winter,4
JPN,1960 Summer,12
JPN,2014 Winter,6
JPN,1994 Winter,2
JPN,1988 Summer,13
JPN,1968 Summer,22
JPN,1972 Summer,8
JPN,2010 Winter,2
JPN,1932 Summer,4
JPN,1956 Summer,5
JPN,1988 Winter,1
JPN,2000 Summer,8
JPN,1924 Summer,1
JPN,1952 Summer,2
JPN,2002 Winter,1
JPN,1928 Summer,1
SUI,1988 Winter,5
SUI,1992 Winter,5
SUI,1920 Summer,21
SUI,1924 Summer,21
SUI,2002 Winter,14
SUI,2014 Winter,20
SUI,1928 Winter,12
SUI,1956 Winter,2
SUI,2006 Winter,9
SUI,2008 Summer,7
SUI,1936 Summer,24
SUI,1948 Winter,19
SUI,1952 Summer,12
SUI,1948 Summer,6
SUI,1976 Winter,2
SUI,1968 Winter,7
SUI,1968 Summer,10
SUI,1998 Winter,3
SUI,1960 Summer,6
SUI,1956 Summer,3
SUI,1994 Winter,4
SUI,1984 Summer,4
SUI,2016 Summer,2
SUI,2010 Winter,6
SUI,1976 Summer,6
SUI,1952 Winter,6
SUI,1984 Winter,4
SUI,1924 Winter,1
SUI,1972 Winter,7
SUI,1988 Summer,2
SUI,1928 Summer,4
SUI,1980 Winter,3
SUI,2004 Summer,4
SUI,1964 Summer,1
SUI,2000 Summer,2
SUI,1906 Summer,1
SUI,1904 Summer,2
SUI,1900 Summer,1
BRA,2000 Summer,36
BRA,1996 Summer,43
BRA,2008 Summer,30
BRA,1948 Summer,10
BRA,1960 Summer,13
BRA,1964 Summer,12
BRA,2012 Summer,11
BRA,1920 Summer,5
BRA,2004 Summer,3
BRA,1984 Summer,2
BRA,1968 Summer,3
BRA,1976 Summer,3
BRA,1952 Summer,2
BRA,2016 Summer,6
BRA,1988 Summer,5
BRA,1980 Summer,5
BRA,1972 Summer,2
FRG,1984 Summer,53
FRG,1980 Winter,6
FRG,1984 Winter,4
FRG,1976 Winter,23
FRG,1972 Summer,39
FRG,1968 Summer,18
FRG,1988 Summer,46
FRG,1976 Summer,32
FRG,1968 Winter,5
FRG,1972 Winter,4
FRG,1988 Winter,3
GDR,1980 Winter,12
GDR,1980 Summer,61
GDR,1968 Summer,19
GDR,1976 Summer,42
GDR,1976 Winter,14
GDR,1988 Summer,48
GDR,1972 Summer,57
GDR,1968 Winter,2
GDR,1972 Winter,12
GDR,1988 Winter,7
GDR,1984 Winter,7
MON,1924 Summer,1
ISR,1996 Summer,1
ISR,2016 Summer,2
ISR,2000 Summer,1
ISR,1992 Summer,1
ISR,2004 Summer,1
ISR,2008 Summer,1
URU,1952 Summer,14
URU,1956 Summer,12
URU,1932 Summer,1
URU,1948 Summer,2
URU,1964 Summer,1
SWE,1912 Summer,25
SWE,1920 Summer,64
SWE,1936 Summer,17
SWE,1908 Summer,18
SWE,1980 Winter,20
SWE,2002 Winter,24
SWE,1984 Winter,21
SWE,1952 Summer,23
SWE,1948 Summer,30
SWE,1924 Summer,43
SWE,1952 Winter,23
SWE,2000 Summer,8
SWE,1992 Summer,7
SWE,1996 Summer,5
SWE,1984 Summer,13
SWE,1992 Winter,6
SWE,1988 Winter,23
SWE,1928 Winter,1
SWE,1960 Summer,3
SWE,1968 Winter,6
SWE,1972 Winter,2
SWE,1932 Summer,12
SWE,1960 Winter,2
SWE,1936 Winter,6
SWE,1928 Summer,22
SWE,1956 Summer,6
SWE,1972 Summer,8
SWE,1906 Summer,14
SWE,1988 Summer,11
SWE,2014 Winter,11
SWE,1956 Winter,9
SWE,2008 Summer,2
SWE,1948 Winter,3
SWE,2012 Summer,3
SWE,1900 Summer,1
SWE,2016 Summer,3
SWE,2006 Winter,8
SWE,1998 Winter,5
SWE,1964 Summer,8
SWE,1980 Summer,9
SWE,1964 Winter,1
SWE,2010 Winter,4
SWE,1968 Summer,1
SWE,1976 Winter,2
SWE,2004 Summer,2
ARM,2012 Summer,2
ARM,2008 Summer,6
ARM,2000 Summer,1
CIV,2016 Summer,1
KEN,1984 Summer,2
KEN,1972 Summer,4
KEN,2000 Summer,2
KEN,2012 Summer,5
KEN,1988 Summer,2
KEN,2004 Summer,2
KEN,1996 Summer,3
KEN,1964 Summer,1
KEN,1992 Summer,2
KEN,2008 Summer,5
KEN,1968 Summer,2
KEN,2016 Summer,1
UKR,2008 Summer,16
UKR,1996 Summer,19
UKR,2004 Summer,31
UKR,2000 Summer,12
UKR,2016 Summer,5
UKR,2012 Summer,12
UKR,2006 Winter,3
UKR,2014 Winter,1
UKR,1994 Winter,1
GBR,1980 Summer,24
GBR,2014 Winter,5
GBR,2012 Summer,48
GBR,1968 Summer,5
GBR,1992 Summer,39
GBR,1984 Summer,42
GBR,2000 Summer,12
GBR,1948 Winter,2
GBR,1908 Summer,90
GBR,1924 Winter,11
GBR,1920 Summer,17
GBR,1912 Summer,59
GBR,1964 Summer,5
GBR,1952 Summer,26
GBR,1900 Summer,15
GBR,2016 Summer,26
GBR,1998 Winter,4
GBR,1956 Summer,22
GBR,1976 Summer,11
GBR,1924 Summer,19
GBR,1896 Summer,3
GBR,2008 Summer,25
GBR,1972 Summer,12
GBR,1996 Summer,9
GBR,1928 Summer,24
GBR,1988 Summer,15
GBR,1960 Summer,15
GBR,1936 Winter,4
GBR,1948 Summer,12
GBR,2002 Winter,1
GBR,1932 Summer,14
GBR,2004 Summer,15
GBR,1994 Winter,3
GBR,1906 Summer,8
GBR,1936 Summer,8
GBR,1928 Winter,1
GHA,1992 Summer,20
GHA,1972 Summer,1
GHA,1964 Summer,1
LAT,1936 Summer,1
LAT,1992 Summer,1
LAT,2012 Summer,2
LAT,2006 Winter,1
LAT,2014 Winter,6
LAT,2008 Summer,1
LAT,2000 Summer,1
NIG,1972 Summer,1
AFG,2008 Summer,1
AFG,2012 Summer,1
POL,1980 Summer,22
POL,1968 Summer,30
POL,1976 Summer,26
POL,1948 Summer,1
POL,1928 Summer,15
POL,1964 Summer,23
POL,1992 Summer,19
POL,1972 Summer,11
POL,1960 Summer,15
POL,2000 Summer,7
POL,2012 Summer,8
POL,1932 Summer,14
POL,2014 Winter,3
POL,2016 Summer,10
POL,1996 Summer,7
POL,1988 Summer,10
POL,1956 Winter,1
POL,2004 Summer,6
POL,1956 Summer,9
POL,1936 Summer,6
POL,1952 Summer,1
POL,2006 Winter,1
POL,2010 Winter,4
POL,1924 Summer,1
POL,2002 Winter,1
POL,1960 Winter,1
POL,2008 Summer,1
CRC,2000 Summer,2
PAN,1948 Summer,2
GEO,2000 Summer,6
GEO,2016 Summer,4
GEO,2008 Summer,3
GEO,2012 Summer,3
GEO,1996 Summer,2
SLO,2004 Summer,3
SLO,1992 Summer,6
SLO,2012 Summer,3
SLO,2008 Summer,2
SLO,1994 Winter,3
SLO,2014 Winter,4
SLO,2002 Winter,4
SLO,2010 Winter,1
SLO,2016 Summer,1
CRO,2012 Summer,16
CRO,2004 Summer,3
CRO,2000 Summer,9
CRO,2010 Winter,1
CRO,2016 Summer,2
CRO,1992 Summer,3
CRO,2008 Summer,3
GUY,1980 Summer,1
NZL,1992 Summer,5
NZL,1968 Summer,2
NZL,1988 Summer,16
NZL,2008 Summer,9
NZL,2012 Summer,15
NZL,2016 Summer,5
NZL,1964 Summer,2
NZL,1976 Summer,9
NZL,1972 Summer,1
NZL,1920 Summer,1
NZL,1952 Summer,2
NZL,1984 Summer,6
NZL,1996 Summer,4
NZL,2000 Summer,3
NZL,1960 Summer,1
NZL,1924 Summer,1
POR,1996 Summer,2
POR,1936 Summer,3
POR,1928 Summer,6
POR,1924 Summer,4
POR,1952 Summer,2
POR,2000 Summer,2
POR,1984 Summer,2
POR,2016 Summer,1
POR,1948 Summer,3
POR,2004 Summer,1
VEN,1984 Summer,3
VEN,2004 Summer,2
VEN,2008 Summer,1
VEN,1952 Summer,1
VEN,2016 Summer,2
VEN,1960 Summer,1
COL,2012 Summer,4
COL,2004 Summer,2
COL,1988 Summer,1
COL,2016 Summer,3
COL,1972 Summer,2
COL,2008 Summer,1
COL,1992 Summer,1
PUR,1992 Summer,1
PUR,2012 Summer,1
PUR,1984 Summer,1
PUR,1976 Summer,1
PUR,1996 Summer,1
PUR,1948 Summer,1
UGA,1996 Summer,1
UGA,1968 Summer,1
MRI,2008 Summer,1
TCH,1964 Summer,12
TCH,1952 Summer,10
TCH,1992 Winter,27
TCH,1976 Summer,9
TCH,1972 Winter,19
TCH,1988 Winter,5
TCH,1964 Winter,17
TCH,1928 Winter,1
TCH,1980 Summer,16
TCH,1984 Winter,4
TCH,1968 Summer,15
TCH,1932 Summer,2
TCH,1924 Summer,5
TCH,1920 Summer,10
TCH,1972 Summer,6
TCH,1960 Summer,11
TCH,1980 Winter,1
TCH,1936 Summer,1
TCH,1928 Summer,2
TCH,1988 Summer,3
TCH,1968 Winter,1
TCH,1992 Summer,1
TCH,1948 Summer,3
TCH,1956 Summer,1
CZE,2004 Summer,6
CZE,2010 Winter,7
CZE,2006 Winter,24
CZE,2012 Summer,6
CZE,2016 Summer,12
CZE,1996 Summer,4
CZE,2000 Summer,4
CZE,2014 Winter,2
CZE,1998 Winter,1
TTO,2012 Summer,5
TTO,1964 Summer,5
TTO,1996 Summer,2
TTO,2000 Summer,1
TTO,2004 Summer,1
TTO,1952 Summer,2
TTO,2016 Summer,1
DOM,1984 Summer,1
DOM,2016 Summer,1
JAM,1996 Summer,12
JAM,2004 Summer,6
JAM,2012 Summer,8
JAM,2016 Summer,2
JAM,2000 Summer,3
JAM,2008 Summer,6
JAM,1972 Summer,1
JAM,1980 Summer,3
JAM,1984 Summer,2
JAM,1992 Summer,1
SUR,1992 Summer,1
MGL,1968 Summer,3
MGL,2016 Summer,1
MGL,1996 Summer,1
MGL,1992 Summer,2
MGL,1980 Summer,2
MGL,2004 Summer,1
MGL,1988 Summer,1
MGL,2012 Summer,3
AUT,1912 Summer,5
AUT,1988 Winter,4
AUT,2002 Winter,13
AUT,2014 Winter,11
AUT,2006 Winter,7
AUT,1928 Winter,2
AUT,1972 Summer,2
AUT,1976 Summer,1
AUT,1972 Winter,2
AUT,1980 Winter,3
AUT,1900 Summer,3
AUT,1928 Summer,2
AUT,2016 Summer,2
AUT,1924 Summer,1
AUT,1994 Winter,7
AUT,2010 Winter,6
AUT,1948 Summer,4
AUT,1968 Winter,4
AUT,1948 Winter,4
AUT,1960 Winter,3
AUT,1964 Winter,3
AUT,1932 Summer,3
AUT,1956 Winter,4
AUT,1998 Winter,12
AUT,1968 Summer,3
AUT,2008 Summer,2
AUT,1936 Winter,2
AUT,1936 Summer,7
AUT,1996 Summer,2
AUT,1956 Summer,4
AUT,1992 Winter,10
AUT,1980 Summer,1
AUT,2004 Summer,1
AUT,1952 Winter,2
AUT,1952 Summer,2
AUT,1984 Summer,1
AUT,1906 Summer,3
AUT,1976 Winter,3
AUT,1908 Summer,1
AUT,1896 Summer,2
AUT,1984 Winter,1
AUT,1904 Summer,1
LTU,2000 Summer,15
LTU,2008 Summer,3
LTU,1992 Summer,12
LTU,2016 Summer,5
LTU,1996 Summer,11
LTU,2012 Summer,2
TOG,2008 Summer,1
ISL,2000 Summer,1
ISL,1984 Summer,1
HAI,1924 Summer,5
KOR,1988 Summer,12
KOR,2008 Summer,26
KOR,2006 Winter,2
KOR,1976 Summer,15
KOR,2012 Summer,30
KOR,1984 Summer,7
KOR,2004 Summer,10
KOR,1992 Summer,16
KOR,1952 Summer,2
KOR,2000 Summer,35
KOR,2016 Summer,10
KOR,1948 Summer,2
KOR,1968 Summer,1
KOR,1998 Winter,2
KOR,1996 Summer,7
KOR,1956 Summer,1
KOR,1994 Winter,1
KOR,1964 Summer,1
KOR,1992 Winter,1
KOR,2010 Winter,2
KOR,2014 Winter,2
THA,2004 Summer,4
THA,1992 Summer,1
THA,1996 Summer,1
THA,2016 Summer,2
THA,1988 Summer,1
THA,1976 Summer,1
THA,2012 Summer,1
THA,2000 Summer,2
BER,1976 Summer,1
ANZ,1908 Summer,2
ANZ,1912 Summer,3
SCG,1996 Summer,13
SCG,2000 Summer,13
IOA,2016 Summer,1
IOA,1992 Summer,2
MDA,2012 Summer,2
MDA,2008 Summer,1
MDA,2000 Summer,1
MDA,1996 Summer,1
YUG,1928 Summer,10
YUG,1984 Summer,35
YUG,1988 Summer,21
YUG,1980 Summer,17
YUG,1964 Summer,2
YUG,1988 Winter,1
YUG,1976 Summer,3
YUG,1972 Summer,2
YUG,1968 Summer,2
BAH,2000 Summer,5
BAH,2016 Summer,5
BAH,1956 Summer,2
BAH,2004 Summer,1
BAH,1992 Summer,1
BAH,2008 Summer,1
SRB,2012 Summer,14
SRB,2016 Summer,13
SRB,2008 Summer,14
MOZ,1996 Summer,1
SVK,2004 Summer,5
SVK,2012 Summer,4
SVK,1996 Summer,1
SVK,2010 Winter,1
SVK,2000 Summer,1
SVK,2008 Summer,1
BAR,2000 Summer,1
PRK,1996 Summer,2
PRK,1980 Summer,2
PRK,1972 Summer,13
PRK,1992 Winter,1
PRK,2000 Summer,3
PRK,2004 Summer,1
PRK,1992 Summer,6
PRK,2016 Summer,2
PRK,2008 Summer,3
PRK,2012 Summer,2
ZIM,2004 Summer,1
HKG,2012 Summer,1
ZAM,1984 Summer,1
TPE,2000 Summer,4
TPE,2004 Summer,3
TPE,2008 Summer,4
TPE,1968 Summer,1
TPE,2016 Summer,4
TPE,1984 Summer,1
TPE,2012 Summer,1
MKD,2000 Summer,1
BOH,1908 Summer,6
BOH,1900 Summer,2
BOH,1906 Summer,3
LIE,1988 Winter,1
LIE,1976 Winter,2
LIE,1984 Winter,2
WIF,1960 Summer,5
