CHN,Basketball Women's Basketball,12
CHN,Swimming Women's 4 x 100 metres Medley Relay,9
CHN,Figure Skating Women's Singles,2
CHN,Gymnastics Women's Team All-Around,11
CHN,Handball Women's Handball,13
CHN,Gymnastics Women's Horse Vault,1
CHN,Gymnastics Women's Balance Beam,1
CHN,Volleyball Women's Volleyball,23
CHN,"Shooting Women's Small-Bore Rifle, Three Positions, 50 metres",2
CHN,Rowing Women's Single Sculls,1
CHN,Golf Women's Individual,1
CHN,Swimming Women's 100 metres Backstroke,1
CHN,Shooting Women's Trap,1
CHN,Shooting Women's Double Trap,1
CHN,Judo Women's Extra-Lightweight,1
CHN,"Shooting Women's Air Rifle, 10 metres",4
CHN,Badminton Women's Doubles,8
CHN,Athletics Women's Shot Put,2
CHN,Synchronized Swimming Women's Team,9
CHN,Rowing Women's Double Sculls,2
CHN,Cycling Women's Sprint,2
CHN,Freestyle Skiing Women's Aerials,1
CHN,Table Tennis Women's Doubles,2
CHN,Table Tennis Women's Singles,3
CHN,Rowing Women's Coxed Eights,9
CHN,Trampolining Women's Individual,3
CHN,Badminton Women's Singles,4
CHN,Rowing Women's Lightweight Double Sculls,2
CHN,Synchronized Swimming Women's Duet,2
CHN,Cycling Women's 500 metres Time Trial,1
CHN,Athletics Women's 10 kilometres Walk,2
CHN,Boxing Women's Middleweight,2
CHN,"Fencing Women's epee, Team",3
CHN,Swimming Women's 400 metres Individual Medley,1
CHN,Athletics Women's Discus Throw,1
CHN,Judo Women's Half-Lightweight,2
CHN,Swimming Women's 200 metres Individual Medley,1
CHN,Gymnastics Women's Individual All-Around,3
CHN,Curling Women's Curling,4
CHN,Athletics Women's 20 kilometres Walk,2
CHN,Swimming Women's 200 metres Freestyle,1
CHN,Swimming Women's 100 metres Butterfly,1
CHN,Judo Women's Middleweight,2
CHN,"Athletics Women's 1,500 metres",1
CHN,Boxing Women's Flyweight,1
CHN,Speed Skating Women's 500 metres,2
CHN,Figure Skating Mixed Pairs,2
CHN,Swimming Women's 200 metres Breaststroke,1
CHN,Judo Women's Heavyweight,3
CHN,Badminton Mixed Doubles,3
CHN,"Wrestling Women's Flyweight, Freestyle",1
CHN,"Fencing Women's epee, Individual",2
CHN,Swimming Women's 100 metres Freestyle,1
CHN,Short Track Speed Skating Women's 500 metres,1
CHN,"Short Track Speed Skating Women's 1,500 metres",1
CHN,Diving Women's Platform,1
CHN,Diving Women's Springboard,1
CHN,Sailing Women's One Person Dinghy,1
CHN,Judo Women's Lightweight,1
CHN,Beach Volleyball Women's Beach Volleyball,2
CHN,Tennis Women's Doubles,2
CHN,"Short Track Speed Skating Women's 1,000 metres",2
CHN,Gymnastics Women's Uneven Bars,2
CHN,"Speed Skating Women's 1,000 metres",1
CHN,Judo Women's Half-Middleweight,1
CHN,"Wrestling Women's Heavyweight, Freestyle",1
CHN,Athletics Women's Hammer Throw,1
CHN,Athletics Women's Marathon,1
DEN,Rowing Women's Coxless Pairs,2
DEN,Swimming Women's 4 x 100 metres Medley Relay,4
DEN,Athletics Women's Javelin Throw,1
DEN,Diving Women's Platform,1
DEN,Rowing Women's Coxed Quadruple Sculls,5
DEN,Swimming Women's 800 metres Freestyle,1
DEN,Sailing Women's Skiff,2
DEN,Rowing Women's Single Sculls,1
DEN,"Fencing Women's Foil, Individual",2
DEN,Swimming Women's 200 metres Breaststroke,2
DEN,Sailing Women's Three Person Keelboat,3
DEN,"Equestrianism Mixed Dressage, Team",2
DEN,Sailing Women's One Person Dinghy,2
DEN,Swimming Women's 100 metres Breaststroke,1
DEN,Badminton Mixed Doubles,2
DEN,"Canoeing Women's Kayak Singles, 500 metres",1
NED,Hockey Women's Hockey,48
NED,Rowing Women's Coxed Eights,27
NED,"Speed Skating Women's 1,500 metres",4
NED,"Speed Skating Women's 3,000 metres",2
NED,Sailing Women's Two Person Dinghy,2
NED,Swimming Women's 4 x 100 metres Freestyle Relay,17
NED,Speed Skating Women's 500 metres,1
NED,"Speed Skating Women's 1,000 metres",2
NED,Judo Women's Middleweight,3
NED,Tennis Mixed Doubles,1
NED,Swimming Women's 100 metres Freestyle,3
NED,Swimming Women's 200 metres Freestyle,2
NED,"Equestrianism Mixed Dressage, Team",2
NED,"Canoeing Women's Kayak Doubles, 500 metres",2
NED,Swimming Women's 100 metres Butterfly,1
NED,Judo Women's Half-Heavyweight,1
NED,Swimming Women's 100 metres Backstroke,1
NED,Sailing Women's Windsurfer,1
NED,"Canoeing Women's Kayak Singles, 500 metres",1
NED,Rowing Women's Double Sculls,2
NED,Judo Women's Half-Middleweight,3
NED,Athletics Women's 800 metres,1
NED,Judo Women's Lightweight,1
NED,Cycling Women's Sprint,2
NED,"Speed Skating Women's 5,000 metres",1
NED,"Cycling Women's Road Race, Individual",1
NED,Swimming Women's 400 metres Freestyle,2
NED,"Art Competitions Mixed Literature, Epic Works",1
NED,Cycling Women's BMX,1
NED,Cycling Women's Individual Time Trial,1
NED,Rowing Women's Lightweight Double Sculls,2
NED,Swimming Women's 50 metres Freestyle,1
NED,Swimming Women's 800 metres Freestyle,1
NED,"Cycling Women's Individual Pursuit, 3,000 metres",1
USA,Volleyball Women's Volleyball,24
USA,"Fencing Women's Sabre, Team",7
USA,Swimming Women's 4 x 100 metres Freestyle Relay,21
USA,Hockey Women's Hockey,16
USA,Speed Skating Women's 500 metres,1
USA,Swimming Women's 100 metres Backstroke,7
USA,Freestyle Skiing Women's Moguls,2
USA,Gymnastics Women's Team All-Around,20
USA,Swimming Women's 200 metres Freestyle,2
USA,"Athletics Women's 1,500 metres",1
USA,Synchronized Swimming Women's Duet,2
USA,Synchronized Swimming Women's Team,9
USA,"Short Track Speed Skating Women's 3,000 metres Relay",9
USA,Swimming Women's 200 metres Breaststroke,2
USA,Water Polo Women's Water Polo,12
USA,Sailing Women's One Person Dinghy,2
USA,Swimming Women's 200 metres Backstroke,2
USA,Gymnastics Women's Balance Beam,4
USA,"Equestrianism Mixed Three-Day Event, Team",6
USA,"Speed Skating Women's 1,000 metres",5
USA,"Equestrianism Mixed Dressage, Team",13
USA,Swimming Women's 100 metres Butterfly,7
USA,Athletics Women's 200 metres,3
USA,Rowing Women's Coxed Eights,9
USA,Athletics Women's Shot Put,1
USA,Athletics Women's 400 metres Hurdles,3
USA,Basketball Women's Basketball,12
USA,Swimming Women's 4 x 200 metres Freestyle Relay,7
USA,Ice Hockey Women's Ice Hockey,20
USA,Figure Skating Mixed Team,4
USA,Athletics Women's 100 metres Hurdles,5
USA,"Canoeing Women's Kayak Singles, Slalom",1
USA,"Wrestling Women's Flyweight, Freestyle",2
USA,Snowboarding Women's Halfpipe,3
USA,Diving Women's Platform,9
USA,"Athletics Women's 3,000 metres Steeplechase",1
USA,Shooting Women's Trap,2
USA,Diving Women's Springboard,12
USA,Rowing Women's Lightweight Double Sculls,2
USA,Alpine Skiing Women's Downhill,2
USA,Swimming Women's 100 metres Freestyle,10
USA,Swimming Women's 200 metres Individual Medley,6
USA,Swimming Women's 200 metres Butterfly,3
USA,Athletics Women's 4 x 100 metres Relay,8
USA,Gymnastics Women's Floor Exercise,4
USA,Rowing Women's Quadruple Sculls,4
USA,Athletics Women's Long Jump,3
USA,"Cycling Women's Mountainbike, Cross-Country",2
USA,Athletics Women's Marathon,1
USA,Swimming Women's 400 metres Freestyle,8
USA,Boxing Women's Flyweight,1
USA,Bobsleigh Women's Two,4
USA,Tennis Women's Singles,4
USA,Snowboarding Women's Parallel Giant Slalom,1
USA,Athletics Women's 800 metres,1
USA,Taekwondo Women's Heavyweight,1
USA,Luge Women's Singles,1
USA,Athletics Women's 400 metres,3
USA,Weightlifting Women's Super-Heavyweight,2
USA,Sailing Women's Two Person Dinghy,2
USA,"Speed Skating Women's 3,000 metres",1
USA,Swimming Women's 400 metres Individual Medley,3
USA,Athletics Women's High Jump,2
USA,"Fencing Women's epee, Team",4
USA,"Fencing Women's Sabre, Individual",2
USA,"Athletics Women's 10,000 metres",1
USA,"Shooting Women's Small-Bore Rifle, Three Positions, 50 metres",1
USA,Tennis Mixed Doubles,2
USA,"Canoeing Women's Kayak Singles, 500 metres",1
USA,Figure Skating Mixed Pairs,3
USA,Figure Skating Women's Singles,8
USA,Alpine Skiing Women's Super G,1
USA,Cycling Women's BMX,1
USA,Rowing Women's Coxless Pairs,4
USA,Gymnastics Women's Uneven Bars,3
USA,Taekwondo Women's Featherweight,1
USA,"Equestrianism Mixed Jumping, Individual",1
USA,Judo Women's Lightweight,1
USA,Alpine Skiing Women's Combined,1
USA,Swimming Women's 50 metres Freestyle,3
USA,Beach Volleyball Women's Beach Volleyball,4
USA,Taekwondo Women's Welterweight,1
USA,Swimming Women's 100 metres Breaststroke,2
USA,"Wrestling Women's Middleweight, Freestyle",1
USA,"Equestrianism Mixed Three-Day Event, Individual",1
USA,Swimming Women's 800 metres Freestyle,3
USA,Figure Skating Mixed Ice Dancing,1
USA,Archery Women's Team,3
USA,Cycling Women's Sprint,1
USA,Short Track Speed Skating Women's 500 metres,1
USA,Archery Women's Double Columbia Round,1
USA,Archery Women's Double National Round,1
USA,Golf Women's Individual,1
USA,Shooting Women's Double Trap,1
USA,Shooting Women's Skeet,1
USA,"Speed Skating Women's 1,500 metres",2
USA,Judo Women's Middleweight,1
USA,Alpine Skiing Women's Slalom,1
USA,Athletics Women's Javelin Throw,2
USA,Swimming Women's 300 metres Freestyle,1
USA,Athletics Women's 100 metres,2
USA,"Cycling Women's Individual Pursuit, 3,000 metres",1
USA,Triathlon Women's Olympic Distance,1
FIN,Ice Hockey Women's Ice Hockey,39
FIN,"Speed Skating Women's 3,000 metres",1
FIN,Cross Country Skiing Women's 4 x 5 kilometres Relay,12
FIN,Cross Country Skiing Women's 10 kilometres,4
FIN,Sailing Women's Three Person Keelboat,3
FIN,Cross Country Skiing Women's 5 kilometres,1
FIN,Cross Country Skiing Women's 30 kilometres,2
FIN,Cross Country Skiing Women's Team Sprint,2
FIN,Cross Country Skiing Women's 3 x 5 kilometres Relay,6
FIN,Archery Women's Individual,1
FIN,"Speed Skating Women's 1,000 metres",1
FIN,Boxing Women's Lightweight,1
NOR,Football Women's Football,16
NOR,Handball Women's Handball,29
NOR,Biathlon Women's 4 x 7.5 kilometres Relay,4
NOR,Cross Country Skiing Women's 10 kilometres,5
NOR,Cross Country Skiing Women's 3 x 5 kilometres Relay,3
NOR,Cross Country Skiing Women's 4 x 5 kilometres Relay,4
NOR,Biathlon Women's 4 x 6 kilometres Relay,4
NOR,Tennis Women's Singles,1
NOR,Snowboarding Women's Halfpipe,1
NOR,Biathlon Women's 12.5 kilometres Mass Start,1
NOR,Freestyle Skiing Women's Moguls,2
NOR,Cross Country Skiing Women's 20 kilometres,1
NOR,"Speed Skating Women's 3,000 metres",1
NOR,Freestyle Skiing Women's Aerials,1
NOR,Cross Country Skiing Women's 15 kilometres,1
NOR,Cross Country Skiing Women's Sprint,1
NOR,Alpine Skiing Women's Combined,1
NOR,Swimming Women's 200 metres Breaststroke,1
NOR,Cross Country Skiing Women's 5 kilometres,1
NOR,Cross Country Skiing Women's 30 kilometres,2
NOR,Athletics Women's Javelin Throw,1
NOR,Cross Country Skiing Women's 15 km Skiathlon,1
ROU,Gymnastics Women's Team All-Around,29
ROU,Rowing Women's Coxed Quadruple Sculls,5
ROU,Gymnastics Women's Horse Vault,4
ROU,Gymnastics Women's Individual All-Around,4
ROU,Gymnastics Women's Floor Exercise,4
ROU,Rowing Women's Coxed Fours,7
ROU,Rowing Women's Coxed Eights,27
ROU,Rowing Women's Quadruple Sculls,5
ROU,"Fencing Women's Foil, Team",14
ROU,"Athletics Women's 1,500 metres",3
ROU,Swimming Women's 400 metres Individual Medley,1
ROU,Athletics Women's 400 metres Hurdles,1
ROU,"Equestrianism Mixed Dressage, Team",1
ROU,"Canoeing Women's Kayak Singles, 500 metres",1
ROU,"Canoeing Women's Kayak Doubles, 500 metres",4
ROU,Gymnastics Women's Balance Beam,4
ROU,Rowing Women's Double Sculls,2
ROU,"Canoeing Women's Kayak Fours, 500 metres",4
ROU,Athletics Women's 800 metres,1
ROU,Swimming Women's 200 metres Individual Medley,1
ROU,Athletics Women's Discus Throw,3
ROU,Athletics Women's High Jump,1
ROU,Swimming Women's 200 metres Backstroke,1
ROU,Judo Women's Half-Heavyweight,1
ROU,Gymnastics Women's Uneven Bars,1
ROU,"Fencing Women's Foil, Individual",1
FRA,Figure Skating Mixed Ice Dancing,1
FRA,Archery Women's Team,3
FRA,Athletics Women's 4 x 100 metres Relay,4
FRA,Biathlon Women's 4 x 6 kilometres Relay,4
FRA,Swimming Women's 4 x 200 metres Freestyle Relay,6
FRA,"Canoeing Women's Kayak Singles, Slalom",2
FRA,Biathlon Women's 4 x 7.5 kilometres Relay,4
FRA,Tennis Mixed Doubles,1
FRA,"Fencing Women's Foil, Team",5
FRA,Biathlon Women's 10 kilometres Pursuit,1
FRA,Figure Skating Mixed Pairs,1
FRA,Athletics Women's 100 metres Hurdles,2
FRA,Judo Women's Heavyweight,2
FRA,Rowing Women's Coxless Pairs,2
FRA,Tennis Women's Doubles,2
FRA,"Fencing Women's epee, Team",4
FRA,Alpine Skiing Women's Giant Slalom,3
FRA,Synchronized Swimming Women's Duet,2
FRA,Sailing Women's Two Person Dinghy,2
FRA,"Canoeing Women's Kayak Doubles, 500 metres",2
FRA,Biathlon Women's 7.5 kilometres Sprint,1
FRA,Figure Skating Women's Singles,1
FRA,Judo Women's Half-Middleweight,1
FRA,Taekwondo Women's Welterweight,1
FRA,Alpine Skiing Women's Slalom,2
FRA,Swimming Women's 200 metres Freestyle,1
FRA,"Fencing Women's epee, Individual",2
FRA,"Fencing Women's Foil, Individual",1
FRA,Judo Women's Half-Lightweight,1
FRA,"Wrestling Women's Lightweight, Freestyle",1
FRA,Taekwondo Women's Featherweight,1
FRA,Freestyle Skiing Women's Ski Cross,1
FRA,Freestyle Skiing Women's Moguls,1
FRA,"Equestrianism Mixed Jumping, Individual",1
FRA,"Wrestling Women's Middleweight, Freestyle",1
FRA,Cycling Women's Individual Time Trial,1
FRA,Swimming Women's 100 metres Backstroke,1
FRA,Alpine Skiing Women's Combined,1
FRA,Alpine Skiing Women's Downhill,1
FRA,"Ski Jumping Women's Normal Hill, Individual",1
FRA,Athletics Women's Discus Throw,1
FRA,Judo Women's Half-Heavyweight,3
FRA,Athletics Women's High Jump,1
FRA,Judo Women's Lightweight,1
FRA,Swimming Women's 100 metres Freestyle,1
FRA,Swimming Women's 100 metres Butterfly,1
FRA,Swimming Women's 100 metres Breaststroke,1
FRA,Shooting Women's Trap,1
FRA,Snowboarding Women's Boardercross,1
MAR,Athletics Women's 800 metres,1
MAR,Athletics Women's 400 metres Hurdles,1
ESP,Handball Women's Handball,15
ESP,Synchronized Swimming Women's Team,8
ESP,Swimming Women's 400 metres Individual Medley,1
ESP,"Canoeing Women's Kayak Singles, Slalom",1
ESP,Judo Women's Lightweight,1
ESP,Alpine Skiing Women's Slalom,1
ESP,"Equestrianism Mixed Dressage, Individual",1
ESP,"Cycling Women's Mountainbike, Cross-Country",1
ESP,Tennis Women's Doubles,2
ESP,Gymnastics Women's Floor Exercise,1
ESP,Cycling Women's Points Race,1
ESP,Tennis Women's Singles,1
ESP,Judo Women's Extra-Lightweight,1
ESP,"Wrestling Women's Heavyweight, Freestyle",1
ESP,Weightlifting Women's Heavyweight,1
ESP,Athletics Women's 20 kilometres Walk,1
ESP,Swimming Women's 100 metres Backstroke,1
EGY,Taekwondo Women's Featherweight,1
EGY,Weightlifting Women's Light-Heavyweight,1
IRI,Taekwondo Women's Featherweight,1
BUL,Rowing Women's Coxed Quadruple Sculls,5
BUL,Athletics Women's High Jump,1
BUL,Basketball Women's Basketball,12
BUL,Volleyball Women's Volleyball,10
BUL,Athletics Women's 100 metres Hurdles,1
BUL,Gymnastics Women's Floor Exercise,1
BUL,Rowing Women's Single Sculls,2
BUL,Swimming Women's 200 metres Breaststroke,1
BUL,"Canoeing Women's Kayak Fours, 500 metres",4
BUL,"Shooting Women's Air Pistol, 10 metres",3
BUL,Rowing Women's Coxless Pairs,2
BUL,Rhythmic Gymnastics Women's Group,11
BUL,Athletics Women's Shot Put,1
BUL,Athletics Women's Discus Throw,2
BUL,Rowing Women's Double Sculls,2
BUL,Tennis Women's Singles,1
BUL,Biathlon Women's 10 kilometres Pursuit,1
BUL,"Short Track Speed Skating Women's 1,500 metres",1
BUL,"Wrestling Women's Flyweight, Freestyle",1
ITA,Cross Country Skiing Women's 4 x 5 kilometres Relay,16
ITA,Cross Country Skiing Women's 5/10 kilometres Pursuit,1
ITA,Cross Country Skiing Women's 10 kilometres,1
ITA,Rhythmic Gymnastics Women's Group,6
ITA,"Athletics Women's 5,000 metres",1
ITA,Diving Women's Springboard,1
ITA,Swimming Women's 800 metres Freestyle,1
ITA,Swimming Women's 400 metres Individual Medley,1
ITA,"Fencing Women's Foil, Team",9
ITA,"Short Track Speed Skating Women's 3,000 metres Relay",8
ITA,Alpine Skiing Women's Downhill,2
ITA,Alpine Skiing Women's Giant Slalom,1
ITA,Short Track Speed Skating Women's 500 metres,1
ITA,"Short Track Speed Skating Women's 1,500 metres",1
ITA,Judo Women's Half-Lightweight,1
ITA,Figure Skating Mixed Ice Dancing,1
ITA,"Fencing Women's Foil, Individual",6
ITA,Swimming Women's 10 kilometres Open Water,1
ITA,"Cycling Women's Road Race, Individual",2
ITA,"Canoeing Women's Kayak Singles, 500 metres",1
ITA,Bobsleigh Women's Two,2
ITA,Figure Skating Women's Singles,1
ITA,Alpine Skiing Women's Super G,2
ITA,Athletics Women's 100 metres,1
ITA,Judo Women's Half-Heavyweight,3
ITA,Biathlon Mixed 2 x 6 kilometres and 2 x 7.5 kilometres Relay,2
ITA,"Athletics Women's 1,500 metres",1
ITA,Athletics Women's 20 kilometres Walk,1
ITA,Judo Women's Middleweight,1
ITA,Sailing Women's Windsurfer,2
ITA,Snowboarding Women's Parallel Giant Slalom,1
AZE,Taekwondo Women's Flyweight,1
AZE,"Shooting Women's Sporting Pistol, 25 metres",1
AZE,Shooting Women's Skeet,1
AZE,"Canoeing Women's Kayak Singles, 200 metres",1
AZE,"Wrestling Women's Lightweight, Freestyle",1
AZE,"Wrestling Women's Featherweight, Freestyle",1
AZE,"Wrestling Women's Flyweight, Freestyle",1
RUS,Speed Skating Women's Team Pursuit (6 laps),9
RUS,Basketball Women's Basketball,24
RUS,Biathlon Women's 4 x 7.5 kilometres Relay,4
RUS,Biathlon Women's 10 kilometres Pursuit,1
RUS,Biathlon Women's 15 kilometres,1
RUS,Water Polo Women's Water Polo,26
RUS,Athletics Women's 400 metres,1
RUS,"Fencing Women's epee, Team",7
RUS,Taekwondo Women's Heavyweight,1
RUS,Boxing Women's Lightweight,1
RUS,Rhythmic Gymnastics Women's Group,6
RUS,"Wrestling Women's Heavyweight, Freestyle",1
RUS,Cross Country Skiing Women's 15 kilometres,2
RUS,Athletics Women's Heptathlon,2
RUS,Athletics Women's High Jump,2
RUS,"Shooting Women's Sporting Pistol, 25 metres",1
RUS,Figure Skating Mixed Ice Dancing,2
RUS,Judo Women's Heavyweight,1
RUS,Rowing Women's Quadruple Sculls,4
RUS,Sailing Women's Windsurfer,1
RUS,"Shooting Women's Small-Bore Rifle, Three Positions, 50 metres",1
RUS,Athletics Women's Pole Vault,2
RUS,Athletics Women's 4 x 400 metres Relay,6
RUS,"Speed Skating Women's 3,000 metres",1
RUS,Rhythmic Gymnastics Women's Individual,1
RUS,"Cycling Women's Mountainbike, Cross-Country",1
RUS,Weightlifting Women's Light-Heavyweight,1
RUS,Cross Country Skiing Women's Team Sprint,2
RUS,Gymnastics Women's Team All-Around,6
RUS,Athletics Women's Shot Put,1
RUS,Tennis Women's Doubles,2
RUS,Athletics Women's Long Jump,2
RUS,Freestyle Skiing Women's Moguls,1
RUS,Judo Women's Half-Lightweight,1
RUS,Cross Country Skiing Women's 30 kilometres,1
RUS,Athletics Women's Triple Jump,1
RUS,Gymnastics Women's Horse Vault,3
RUS,Cross Country Skiing Women's 15 km Skiathlon,1
RUS,Gymnastics Women's Individual All-Around,2
RUS,Gymnastics Women's Floor Exercise,1
RUS,Skeleton Women's Skeleton,1
RUS,Diving Women's Springboard,1
RUS,Athletics Women's Marathon,1
RUS,Athletics Women's 800 metres,1
RUS,Weightlifting Women's Heavyweight,2
RUS,Gymnastics Women's Balance Beam,1
RUS,Cross Country Skiing Women's Sprint,1
RUS,Figure Skating Women's Singles,1
RUS,Cycling Women's Points Race,1
RUS,"Cycling Women's Road Race, Individual",2
RUS,Badminton Women's Doubles,2
RUS,"Athletics Women's 3,000 metres Steeplechase",1
RUS,"Wrestling Women's Middleweight, Freestyle",1
RUS,Swimming Women's 200 metres Breaststroke,1
RUS,Cycling Women's Individual Time Trial,1
RUS,Snowboarding Women's Parallel Giant Slalom,1
RUS,Tennis Women's Singles,1
ARG,Hockey Women's Hockey,32
ARG,Sailing Women's One Person Dinghy,1
ARG,Swimming Women's 400 metres Individual Medley,1
ARG,Judo Women's Extra-Lightweight,1
ARG,Tennis Women's Doubles,2
CUB,Volleyball Women's Volleyball,12
CUB,Athletics Women's Discus Throw,1
CUB,Athletics Women's 100 metres,1
CUB,Athletics Women's 4 x 100 metres Relay,4
CUB,Athletics Women's Hammer Throw,1
CUB,"Shooting Women's Small-Bore Rifle, Three Positions, 50 metres",1
CUB,Judo Women's Lightweight,2
CUB,Judo Women's Half-Middleweight,1
CUB,Judo Women's Half-Heavyweight,2
CUB,Athletics Women's Javelin Throw,1
CUB,Taekwondo Women's Flyweight,1
CUB,Judo Women's Heavyweight,1
CUB,Athletics Women's High Jump,1
CUB,Athletics Women's 800 metres,1
CUB,Judo Women's Extra-Lightweight,2
CUB,Judo Women's Half-Lightweight,2
BLR,Tennis Women's Singles,1
BLR,Rhythmic Gymnastics Women's Group,6
BLR,Rowing Women's Coxless Pairs,4
BLR,Rhythmic Gymnastics Women's Individual,1
BLR,Rowing Women's Coxed Eights,9
BLR,Biathlon Women's 15 kilometres,2
BLR,Swimming Women's 50 metres Freestyle,1
BLR,Rowing Women's Single Sculls,1
BLR,"Canoeing Women's Kayak Fours, 500 metres",8
BLR,Weightlifting Women's Heavyweight,1
BLR,"Shooting Women's Sporting Pistol, 25 metres",1
BLR,Weightlifting Women's Featherweight,1
BLR,Athletics Women's Shot Put,1
BLR,Athletics Women's Heptathlon,1
BLR,Weightlifting Women's Light-Heavyweight,1
BLR,Weightlifting Women's Middleweight,1
BLR,Cycling Women's 500 metres Time Trial,1
BLR,Athletics Women's Discus Throw,2
GRE,Rhythmic Gymnastics Women's Group,6
GRE,Sailing Women's Three Person Keelboat,3
GRE,Athletics Women's Triple Jump,1
GRE,Rowing Women's Lightweight Double Sculls,2
GRE,Weightlifting Women's Middleweight,1
GRE,"Shooting Women's Air Pistol, 10 metres",1
GRE,Athletics Women's Javelin Throw,1
GRE,Tennis Mixed Doubles,1
GRE,Tennis Women's Singles,1
TUR,Taekwondo Women's Featherweight,1
TUR,Judo Women's Extra-Lightweight,1
TUR,Taekwondo Women's Welterweight,1
MEX,Archery Women's Individual,1
MEX,Diving Women's Synchronized Platform,2
MEX,Taekwondo Women's Heavyweight,1
MEX,Swimming Women's 800 metres Freestyle,1
MEX,Taekwondo Women's Featherweight,1
MEX,Diving Women's Springboard,1
URS,Cross Country Skiing Women's 3 x 5 kilometres Relay,3
URS,Hockey Women's Hockey,16
URS,Athletics Women's 4 x 400 metres Relay,4
URS,Swimming Women's 4 x 100 metres Medley Relay,11
URS,Diving Women's Platform,3
URS,Athletics Women's Long Jump,6
URS,Luge Women's Singles,1
URS,Handball Women's Handball,15
URS,Athletics Women's 4 x 100 metres Relay,12
URS,Rowing Women's Single Sculls,1
URS,Gymnastics Women's Team Portable Apparatus,6
URS,Gymnastics Women's Individual All-Around,7
URS,Speed Skating Women's 500 metres,5
URS,"Speed Skating Women's 1,500 metres",3
URS,Swimming Women's 200 metres Breaststroke,5
URS,Basketball Women's Basketball,12
URS,Athletics Women's High Jump,4
URS,Athletics Women's Pentathlon,2
URS,Rowing Women's Coxed Fours,11
URS,"Shooting Women's Small-Bore Rifle, Three Positions, 50 metres",1
URS,Athletics Women's Shot Put,3
URS,Sailing Women's Two Person Dinghy,2
URS,"Shooting Women's Air Pistol, 10 metres",1
URS,Athletics Women's Discus Throw,3
URS,Gymnastics Women's Uneven Bars,6
URS,Cross Country Skiing Women's 5 kilometres,4
URS,Archery Women's Individual,2
URS,Athletics Women's Javelin Throw,4
URS,"Fencing Women's Foil, Individual",2
URS,Cross Country Skiing Women's 10 kilometres,3
URS,Figure Skating Women's Singles,1
URS,Alpine Skiing Women's Slalom,1
URS,Rowing Women's Double Sculls,2
URS,Athletics Women's 200 metres,1
URS,"Canoeing Women's Kayak Doubles, 500 metres",2
URS,Figure Skating Mixed Ice Dancing,2
URS,Swimming Women's 100 metres Breaststroke,1
URS,Gymnastics Women's Floor Exercise,4
URS,Gymnastics Women's Horse Vault,4
URS,Gymnastics Women's Balance Beam,4
URS,Athletics Women's 100 metres Hurdles,1
URS,"Shooting Women's Air Rifle, 10 metres",1
URS,"Canoeing Women's Kayak Singles, 500 metres",2
URS,Athletics Women's 400 metres,2
URS,"Athletics Women's 1,500 metres",2
URS,"Speed Skating Women's 1,000 metres",2
URS,Athletics Women's 800 metres,1
URS,Figure Skating Mixed Pairs,1
URS,Cross Country Skiing Women's 20 kilometres,1
URS,Rhythmic Gymnastics Women's Individual,1
URS,"Athletics Women's 10,000 metres",1
URS,"Cycling Women's Road Race, Individual",1
HUN,Handball Women's Handball,30
HUN,"Canoeing Women's Kayak Doubles, 500 metres",6
HUN,Gymnastics Women's Team All-Around,14
HUN,Gymnastics Women's Team Portable Apparatus,8
HUN,"Fencing Women's Foil, Individual",2
HUN,Judo Women's Extra-Lightweight,1
HUN,"Canoeing Women's Kayak Singles, 200 metres",1
HUN,Gymnastics Women's Floor Exercise,2
HUN,Swimming Women's 400 metres Individual Medley,1
HUN,Gymnastics Women's Uneven Bars,2
HUN,"Fencing Women's Foil, Team",15
HUN,"Art Competitions Mixed Literature, Epic Works",1
HUN,Swimming Women's 200 metres Breaststroke,2
HUN,Swimming Women's 100 metres Butterfly,1
HUN,Shooting Women's Skeet,1
HUN,Swimming Women's 800 metres Freestyle,1
HUN,Athletics Women's Discus Throw,1
HUN,Gymnastics Women's Individual All-Around,1
HUN,Gymnastics Women's Balance Beam,1
HUN,Athletics Women's Pentathlon,1
HUN,Athletics Women's Shot Put,1
HUN,"Fencing Women's epee, Individual",2
HUN,Figure Skating Mixed Pairs,4
HUN,"Canoeing Women's Kayak Singles, 500 metres",2
HUN,Gymnastics Women's Horse Vault,1
HUN,Swimming Women's 100 metres Freestyle,1
NGR,Athletics Women's 4 x 100 metres Relay,9
NGR,Athletics Women's 400 metres,1
NGR,Athletics Women's Long Jump,1
NGR,Athletics Women's 200 metres,1
ALG,Judo Women's Half-Lightweight,1
BRN,"Athletics Women's 1,500 metres",1
MAS,Diving Women's Platform,1
GER,Football Women's Football,50
GER,Biathlon Women's 7.5 kilometres Sprint,1
GER,"Cycling Women's Individual Pursuit, 3,000 metres",1
GER,"Equestrianism Mixed Three-Day Event, Individual",1
GER,Diving Women's Springboard,2
GER,"Fencing Women's Foil, Team",10
GER,Cross Country Skiing Women's 5/5 kilometres Pursuit,1
GER,Cross Country Skiing Women's 4 x 5 kilometres Relay,4
GER,Judo Women's Middleweight,2
GER,Rowing Women's Quadruple Sculls,4
GER,Athletics Women's Heptathlon,1
GER,Athletics Women's 4 x 400 metres Relay,4
GER,Shooting Women's Skeet,1
GER,"Equestrianism Mixed Dressage, Individual",4
GER,Swimming Women's 4 x 100 metres Freestyle Relay,15
GER,Swimming Women's 4 x 100 metres Medley Relay,8
GER,Alpine Skiing Women's Giant Slalom,3
GER,Alpine Skiing Women's Slalom,2
GER,Swimming Women's 4 x 200 metres Freestyle Relay,12
GER,Swimming Women's 200 metres Backstroke,2
GER,Biathlon Women's 15 kilometres,2
GER,Biathlon Women's 12.5 kilometres Mass Start,2
GER,Athletics Women's 800 metres,1
GER,Rowing Women's Coxed Eights,9
GER,"Shooting Women's Sporting Pistol, 25 metres",1
GER,Luge Women's Singles,4
GER,Bobsleigh Women's Two,2
GER,Alpine Skiing Women's Combined,2
GER,Diving Women's Synchronized Springboard,2
GER,Athletics Women's Javelin Throw,4
GER,Rowing Women's Coxless Fours,4
GER,"Speed Skating Women's 3,000 metres",2
GER,"Speed Skating Women's 1,000 metres",2
GER,Taekwondo Women's Welterweight,1
GER,Biathlon Women's 4 x 6 kilometres Relay,4
GER,Swimming Women's 200 metres Breaststroke,4
GER,Judo Women's Extra-Lightweight,2
GER,Judo Women's Heavyweight,1
GER,Hockey Women's Hockey,17
GER,Swimming Women's 200 metres Freestyle,2
GER,Athletics Women's Hammer Throw,2
GER,Swimming Women's 800 metres Freestyle,1
GER,Athletics Women's 4 x 100 metres Relay,4
GER,Skeleton Women's Skeleton,1
GER,Swimming Women's 200 metres Individual Medley,1
GER,Swimming Women's 100 metres Freestyle,2
GER,Athletics Women's High Jump,1
GER,Snowboarding Women's Parallel Slalom,1
GER,Diving Women's Platform,1
GER,Athletics Women's 80 metres Hurdles,2
GER,Athletics Women's 100 metres,1
GER,Athletics Women's Shot Put,3
GER,Athletics Women's Long Jump,1
GER,Archery Women's Team,3
GER,"Equestrianism Mixed Jumping, Team",1
GER,Athletics Women's Discus Throw,1
GER,"Speed Skating Women's 1,500 metres",1
GER,"Fencing Women's Foil, Individual",1
GER,"Speed Skating Women's 5,000 metres",1
GER,Speed Skating Women's 500 metres,3
GER,Rowing Women's Single Sculls,1
GER,Figure Skating Mixed Pairs,3
GER,Gymnastics Women's Uneven Bars,1
GER,Alpine Skiing Women's Super G,1
GER,"Art Competitions Mixed Sculpturing, Statues",1
GER,"Cycling Women's Mountainbike, Cross-Country",1
GER,Cycling Women's Team Sprint,2
GER,Swimming Women's 50 metres Freestyle,1
GER,"Equestrianism Mixed Dressage, Team",1
GER,"Canoeing Women's Kayak Singles, 500 metres",1
CAN,Swimming Women's 4 x 100 metres Medley Relay,15
CAN,Diving Women's Synchronized Springboard,2
CAN,Rowing Women's Coxed Eights,9
CAN,Swimming Women's 4 x 100 metres Freestyle Relay,14
CAN,Curling Women's Curling,10
CAN,"Canoeing Women's Kayak Fours, 500 metres",4
CAN,Synchronized Swimming Women's Team,8
CAN,Football Women's Football,36
CAN,Biathlon Women's 15 kilometres,1
CAN,Diving Women's Synchronized Platform,6
CAN,Diving Women's Platform,2
CAN,Rugby Sevens Women's Rugby Sevens,12
CAN,Cycling Women's Team Pursuit,8
CAN,Rowing Women's Quadruple Sculls,4
CAN,Taekwondo Women's Heavyweight,1
CAN,"Short Track Speed Skating Women's 3,000 metres Relay",9
CAN,Figure Skating Mixed Pairs,3
CAN,Athletics Women's 4 x 100 metres Relay,8
CAN,"Canoeing Women's Kayak Singles, 500 metres",1
CAN,Figure Skating Women's Singles,2
CAN,Swimming Women's 200 metres Backstroke,3
CAN,Rowing Women's Lightweight Double Sculls,2
CAN,"Athletics Women's 3,000 metres",2
CAN,Trampolining Women's Individual,1
CAN,Athletics Women's High Jump,1
CAN,Freestyle Skiing Women's Aerials,1
CAN,Swimming Women's 100 metres Backstroke,2
CAN,Weightlifting Women's Middleweight,1
CAN,Swimming Women's 4 x 200 metres Freestyle Relay,6
CAN,"Speed Skating Women's 3,000 metres",3
CAN,Skeleton Women's Skeleton,1
CAN,"Cycling Women's Road Race, Individual",1
CAN,Cycling Women's Individual Time Trial,1
CAN,"Speed Skating Women's 5,000 metres",3
CAN,"Wrestling Women's Flyweight, Freestyle",1
CAN,Freestyle Skiing Women's Slopestyle,1
CAN,Rowing Women's Double Sculls,2
CAN,Rowing Women's Single Sculls,1
CAN,"Speed Skating Women's 1,000 metres",1
CAN,Short Track Speed Skating Women's 500 metres,1
CAN,Athletics Women's 100 metres Hurdles,1
CAN,Diving Women's Springboard,2
CAN,Snowboarding Women's Boardercross,1
CAN,"Equestrianism Mixed Dressage, Team",4
CAN,"Cycling Women's Mountainbike, Cross-Country",1
CAN,Alpine Skiing Women's Downhill,2
CAN,Alpine Skiing Women's Super G,1
CAN,Swimming Women's 400 metres Individual Medley,1
CAN,Athletics Women's 100 metres,1
CAN,Swimming Women's 400 metres Freestyle,1
CAN,Athletics Women's 80 metres Hurdles,1
CAN,Athletics Women's Heptathlon,1
CAN,"Wrestling Women's Lightweight, Freestyle",1
CAN,Figure Skating Mixed Ice Dancing,1
IRL,"Art Competitions Mixed Painting, Paintings",1
IRL,Swimming Women's 200 metres Butterfly,1
AUS,Softball Women's Softball,45
AUS,Athletics Women's 400 metres,1
AUS,Swimming Women's 100 metres Butterfly,3
AUS,Swimming Women's 200 metres Freestyle,2
AUS,Basketball Women's Basketball,24
AUS,Water Polo Women's Water Polo,26
AUS,Athletics Women's 200 metres,3
AUS,"Canoeing Women's Kayak Doubles, 500 metres",2
AUS,"Canoeing Women's Kayak Singles, 500 metres",1
AUS,Rowing Women's Quadruple Sculls,4
AUS,Rowing Women's Coxed Fours,5
AUS,Swimming Women's 50 metres Freestyle,2
AUS,Swimming Women's 4 x 100 metres Freestyle Relay,5
AUS,Freestyle Skiing Women's Aerials,2
AUS,Beach Volleyball Women's Beach Volleyball,2
AUS,Athletics Women's Discus Throw,1
AUS,Rowing Women's Single Sculls,1
AUS,Swimming Women's 100 metres Backstroke,1
AUS,"Canoeing Women's Kayak Fours, 500 metres",4
AUS,"Shooting Women's Sporting Pistol, 25 metres",1
AUS,Triathlon Women's Olympic Distance,2
AUS,Cycling Women's Omnium,1
AUS,Swimming Women's 200 metres Butterfly,4
AUS,"Shooting Women's Air Pistol, 10 metres",1
AUS,"Canoeing Women's Kayak Singles, Slalom",1
AUS,Diving Women's Synchronized Platform,2
AUS,Swimming Women's 100 metres Freestyle,2
AUS,Swimming Women's 4 x 200 metres Freestyle Relay,5
AUS,Shooting Women's Double Trap,1
AUS,Swimming Women's 100 metres Breaststroke,4
AUS,Rowing Women's Lightweight Double Sculls,2
AUS,Diving Women's Synchronized Springboard,4
AUS,Athletics Women's 80 metres Hurdles,3
AUS,Swimming Women's 400 metres Freestyle,2
AUS,Swimming Women's 200 metres Backstroke,1
AUS,Athletics Women's 100 metres,3
AUS,Cycling Women's Team Sprint,2
AUS,Swimming Women's 800 metres Freestyle,1
AUS,Tennis Women's Doubles,4
AUS,Cycling Women's Sprint,1
AUS,Cycling Women's Keirin,1
AUS,Tennis Women's Singles,1
AUS,Athletics Women's Shot Put,1
AUS,Swimming Women's 200 metres Individual Medley,1
AUS,Judo Women's Lightweight,1
AUS,Athletics Women's 20 kilometres Walk,1
AUS,Alpine Skiing Women's Slalom,1
AUS,Diving Women's Platform,1
AUS,Cycling Women's Points Race,1
RSA,Swimming Women's 4 x 100 metres Freestyle Relay,8
RSA,Athletics Women's 80 metres Hurdles,1
RSA,"Canoeing Women's Kayak Singles, 500 metres",1
RSA,Swimming Women's 100 metres Breaststroke,1
RSA,Swimming Women's 100 metres Backstroke,1
RSA,Swimming Women's 400 metres Freestyle,1
TUN,"Wrestling Women's Lightweight, Freestyle",1
TUN,"Fencing Women's Foil, Individual",1
BEL,Tennis Women's Doubles,2
BEL,Cycling Women's Omnium,1
BEL,Rowing Women's Single Sculls,1
BEL,Judo Women's Half-Lightweight,1
BEL,Swimming Women's 200 metres Breaststroke,1
BEL,Judo Women's Lightweight,1
BEL,Judo Women's Middleweight,1
BEL,Judo Women's Extra-Lightweight,2
BEL,Sailing Women's One Person Dinghy,1
BEL,Judo Women's Half-Middleweight,1
KAZ,Judo Women's Extra-Lightweight,1
KAZ,Weightlifting Women's Middleweight,1
KAZ,Weightlifting Women's Super-Heavyweight,1
KAZ,"Wrestling Women's Middleweight, Freestyle",2
KAZ,"Wrestling Women's Heavyweight, Freestyle",1
KAZ,"Speed Skating Women's 5,000 metres",1
KAZ,Athletics Women's Triple Jump,1
KAZ,Boxing Women's Middleweight,2
KAZ,"Wrestling Women's Light-Heavyweight, Freestyle",1
IND,Boxing Women's Flyweight,1
IND,"Wrestling Women's Lightweight, Freestyle",1
IND,Weightlifting Women's Light-Heavyweight,1
IND,Badminton Women's Singles,1
ETH,"Athletics Women's 3,000 metres Steeplechase",1
ETH,"Athletics Women's 5,000 metres",5
ETH,Athletics Women's Marathon,1
ETH,"Athletics Women's 10,000 metres",3
INA,Weightlifting Women's Flyweight,1
INA,Weightlifting Women's Featherweight,1
INA,Badminton Women's Singles,2
SGP,Table Tennis Women's Singles,1
SGP,Table Tennis Women's Team,3
UZB,Trampolining Women's Individual,1
TJK,Boxing Women's Lightweight,1
EUN,"Short Track Speed Skating Women's 3,000 metres Relay",4
EUN,Handball Women's Handball,13
EUN,Archery Women's Team,3
EUN,Biathlon Women's 7.5 kilometres Sprint,1
EUN,Biathlon Women's 3 x 7.5 kilometres Relay,3
EUN,Gymnastics Women's Floor Exercise,1
EUN,Rowing Women's Quadruple Sculls,4
EUN,Swimming Women's 4 x 100 metres Medley Relay,5
EUN,Gymnastics Women's Horse Vault,1
EUN,Tennis Women's Doubles,2
EUN,Judo Women's Half-Middleweight,1
EUN,Athletics Women's 100 metres,1
EUN,"Fencing Women's Foil, Individual",1
EUN,Rhythmic Gymnastics Women's Individual,1
EUN,Figure Skating Mixed Ice Dancing,1
EUN,Cross Country Skiing Women's 5 kilometres,1
EUN,Cross Country Skiing Women's 15 kilometres,1
EUN,Cross Country Skiing Women's 30 kilometres,1
EUN,Cross Country Skiing Women's 5/10 kilometres Pursuit,1
EUN,Archery Women's Individual,1
JPN,Gymnastics Women's Team All-Around,6
JPN,Volleyball Women's Volleyball,24
JPN,Athletics Women's Marathon,1
JPN,Synchronized Swimming Women's Team,17
JPN,Table Tennis Women's Team,3
JPN,"Wrestling Women's Heavyweight, Freestyle",2
JPN,Synchronized Swimming Women's Duet,10
JPN,"Speed Skating Women's 1,500 metres",1
JPN,Archery Women's Team,3
JPN,Swimming Women's 200 metres Butterfly,3
JPN,Softball Women's Softball,14
JPN,Swimming Women's 4 x 100 metres Medley Relay,8
JPN,Judo Women's Extra-Lightweight,2
JPN,Synchronized Swimming Women's Solo,3
JPN,Judo Women's Lightweight,3
JPN,Weightlifting Women's Flyweight,1
JPN,Judo Women's Half-Lightweight,3
JPN,Swimming Women's 200 metres Backstroke,3
JPN,Taekwondo Women's Welterweight,1
JPN,Speed Skating Women's 500 metres,1
JPN,Badminton Women's Singles,1
JPN,Freestyle Skiing Women's Halfpipe,1
JPN,Judo Women's Heavyweight,3
JPN,Freestyle Skiing Women's Moguls,1
JPN,Swimming Women's 100 metres Breaststroke,1
JPN,Swimming Women's 100 metres Backstroke,2
JPN,Judo Women's Half-Middleweight,1
JPN,"Speed Skating Women's 5,000 metres",1
SUI,Cross Country Skiing Women's 4 x 5 kilometres Relay,4
SUI,Ice Hockey Women's Ice Hockey,19
SUI,Alpine Skiing Women's Giant Slalom,4
SUI,Freestyle Skiing Women's Aerials,1
SUI,"Shooting Women's Sporting Pistol, 25 metres",1
SUI,"Equestrianism Mixed Dressage, Team",1
SUI,Alpine Skiing Women's Downhill,2
SUI,Alpine Skiing Women's Slalom,1
SUI,"Equestrianism Mixed Jumping, Team",1
SUI,Triathlon Women's Olympic Distance,1
SUI,Snowboarding Women's Boardercross,1
SUI,Snowboarding Women's Halfpipe,1
SUI,"Equestrianism Mixed Jumping, Individual",1
SUI,Gymnastics Women's Horse Vault,1
SUI,"Equestrianism Mixed Dressage, Individual",1
SUI,Cycling Women's Individual Time Trial,2
SUI,Alpine Skiing Women's Combined,1
BRA,Basketball Women's Basketball,12
BRA,Volleyball Women's Volleyball,24
BRA,Boxing Women's Lightweight,1
BRA,Judo Women's Half-Heavyweight,2
BRA,Taekwondo Women's Heavyweight,1
BRA,Beach Volleyball Women's Beach Volleyball,4
BRA,Modern Pentathlon Women's Individual,1
BRA,Swimming Women's 10 kilometres Open Water,1
BRA,Sailing Women's Two Person Dinghy,2
BRA,Judo Women's Lightweight,1
FRG,Rowing Women's Coxless Pairs,4
FRG,Swimming Women's 4 x 100 metres Freestyle Relay,8
FRG,Swimming Women's 4 x 100 metres Medley Relay,11
FRG,Swimming Women's 200 metres Butterfly,1
FRG,Athletics Women's 4 x 400 metres Relay,10
FRG,Luge Women's Singles,2
FRG,Athletics Women's Heptathlon,1
FRG,"Fencing Women's Foil, Individual",1
FRG,Figure Skating Mixed Pairs,1
FRG,Tennis Women's Doubles,2
FRG,Athletics Women's 100 metres,1
FRG,"Canoeing Women's Kayak Doubles, 500 metres",2
FRG,Alpine Skiing Women's Slalom,1
FRG,Figure Skating Women's Singles,1
FRG,"Equestrianism Mixed Three-Day Event, Team",1
FRG,"Cycling Women's Road Race, Individual",1
FRG,Swimming Women's 100 metres Butterfly,1
FRG,Rhythmic Gymnastics Women's Individual,1
FRG,"Canoeing Women's Kayak Singles, Slalom",1
FRG,Athletics Women's 100 metres Hurdles,1
FRG,Swimming Women's 400 metres Individual Medley,1
GDR,"Speed Skating Women's 1,000 metres",1
GDR,Athletics Women's 100 metres,2
GDR,Gymnastics Women's Team All-Around,24
GDR,"Speed Skating Women's 1,500 metres",2
GDR,Athletics Women's Heptathlon,1
GDR,Athletics Women's 400 metres,2
GDR,Athletics Women's 4 x 400 metres Relay,5
GDR,Swimming Women's 800 metres Freestyle,1
GDR,Cross Country Skiing Women's 4 x 5 kilometres Relay,4
GDR,Swimming Women's 100 metres Freestyle,1
GDR,Athletics Women's Marathon,1
GDR,Athletics Women's 200 metres,2
GDR,Athletics Women's Shot Put,1
GDR,Speed Skating Women's 500 metres,1
GDR,Figure Skating Women's Singles,1
GDR,Athletics Women's 400 metres Hurdles,1
GDR,Gymnastics Women's Floor Exercise,1
GDR,Figure Skating Mixed Pairs,3
GDR,Diving Women's Springboard,2
GDR,Handball Women's Handball,14
GDR,Athletics Women's Discus Throw,1
GDR,Athletics Women's 800 metres,2
GDR,Athletics Women's Javelin Throw,2
GDR,Swimming Women's 100 metres Breaststroke,1
GDR,Swimming Women's 400 metres Individual Medley,2
GDR,Diving Women's Platform,1
GDR,Gymnastics Women's Balance Beam,1
GDR,Athletics Women's High Jump,1
GDR,"Athletics Women's 1,500 metres",1
GDR,Swimming Women's 100 metres Butterfly,1
GDR,"Canoeing Women's Kayak Doubles, 500 metres",2
GDR,Swimming Women's 200 metres Butterfly,1
GDR,Gymnastics Women's Uneven Bars,1
GDR,Swimming Women's 50 metres Freestyle,1
GDR,Swimming Women's 400 metres Freestyle,3
GDR,Luge Women's Singles,3
GDR,Athletics Women's Pentathlon,2
GDR,Athletics Women's 100 metres Hurdles,1
GDR,Swimming Women's 100 metres Backstroke,2
GDR,Swimming Women's 200 metres Freestyle,2
GDR,Rowing Women's Single Sculls,1
GDR,Swimming Women's 200 metres Backstroke,2
GDR,"Speed Skating Women's 3,000 metres",2
GDR,"Speed Skating Women's 5,000 metres",1
ISR,Judo Women's Half-Middleweight,1
SWE,"Tennis Women's Singles, Covered Courts",1
SWE,Ice Hockey Women's Ice Hockey,20
SWE,Swimming Women's 4 x 100 metres Freestyle Relay,14
SWE,"Canoeing Women's Kayak Fours, 500 metres",8
SWE,Athletics Women's High Jump,1
SWE,"Equestrianism Mixed Dressage, Team",6
SWE,Cross Country Skiing Women's 10 kilometres,1
SWE,Cross Country Skiing Women's 3 x 5 kilometres Relay,3
SWE,"Tennis Mixed Doubles, Covered Courts",1
SWE,"Wrestling Women's Light-Heavyweight, Freestyle",1
SWE,Athletics Women's 800 metres,1
SWE,Curling Women's Curling,5
SWE,Freestyle Skiing Women's Ski Cross,1
SWE,Figure Skating Women's Singles,1
SWE,Cross Country Skiing Women's Team Sprint,2
SWE,Athletics Women's Long Jump,1
SWE,"Wrestling Women's Featherweight, Freestyle",1
SWE,Diving Women's Plain High,2
SWE,Alpine Skiing Women's Giant Slalom,1
SWE,Alpine Skiing Women's Slalom,1
SWE,Alpine Skiing Women's Downhill,1
SWE,Alpine Skiing Women's Combined,2
SWE,Gymnastics Women's Horse Vault,1
SWE,Sailing Mixed 6 metres,1
SWE,Diving Women's Platform,1
SWE,Swimming Women's 100 metres Freestyle,1
SWE,Athletics Women's Discus Throw,1
SWE,Sailing Women's Two Person Dinghy,2
SWE,Biathlon Women's 7.5 kilometres Sprint,1
SWE,Biathlon Women's 15 kilometres,1
ARM,Weightlifting Women's Super-Heavyweight,1
CIV,Taekwondo Women's Welterweight,1
KEN,Athletics Women's Marathon,1
KEN,"Athletics Women's 10,000 metres",2
KEN,Athletics Women's 800 metres,1
UKR,Athletics Women's Discus Throw,1
UKR,Athletics Women's High Jump,2
UKR,"Canoeing Women's Kayak Fours, 500 metres",4
UKR,Rhythmic Gymnastics Women's Individual,4
UKR,Handball Women's Handball,15
UKR,Athletics Women's 4 x 100 metres Relay,4
UKR,Weightlifting Women's Light-Heavyweight,1
UKR,Athletics Women's Triple Jump,2
UKR,Figure Skating Mixed Ice Dancing,1
UKR,Weightlifting Women's Lightweight,1
UKR,"Cycling Women's Individual Pursuit, 3,000 metres",1
UKR,"Fencing Women's Sabre, Individual",2
UKR,"Shooting Women's Air Pistol, 10 metres",1
UKR,"Shooting Women's Sporting Pistol, 25 metres",1
UKR,"Wrestling Women's Flyweight, Freestyle",1
UKR,Sailing Women's Two Person Dinghy,4
UKR,Archery Women's Individual,1
UKR,Biathlon Women's 7.5 kilometres Sprint,3
UKR,Diving Women's Synchronized Springboard,2
UKR,Modern Pentathlon Women's Individual,1
UKR,Athletics Women's 400 metres Hurdles,1
UKR,"Athletics Women's 1,500 metres",1
UKR,Cycling Women's Sprint,1
GBR,Curling Women's Curling,4
GBR,Swimming Women's 400 metres Freestyle,4
GBR,Swimming Women's 800 metres Freestyle,2
GBR,Modern Pentathlon Women's Individual,2
GBR,Figure Skating Women's Singles,3
GBR,Athletics Women's 4 x 100 metres Relay,24
GBR,Hockey Women's Hockey,32
GBR,Rowing Women's Double Sculls,4
GBR,"Equestrianism Mixed Dressage, Individual",1
GBR,Gymnastics Women's Team All-Around,12
GBR,Judo Women's Heavyweight,1
GBR,Swimming Women's 200 metres Breaststroke,2
GBR,Athletics Women's Long Jump,2
GBR,Athletics Women's 4 x 400 metres Relay,13
GBR,Tennis Women's Doubles,2
GBR,Judo Women's Middleweight,2
GBR,"Equestrianism Mixed Three-Day Event, Individual",4
GBR,"Equestrianism Mixed Three-Day Event, Team",4
GBR,Skeleton Women's Skeleton,1
GBR,Swimming Women's 100 metres Freestyle,3
GBR,Swimming Women's 100 metres Backstroke,3
GBR,Swimming Women's 4 x 100 metres Freestyle Relay,4
GBR,Athletics Women's 400 metres Hurdles,1
GBR,Diving Women's Springboard,1
GBR,"Art Competitions Mixed Sculpturing, Reliefs",1
GBR,Archery Women's Double National Round,1
GBR,Athletics Women's Hammer Throw,1
GBR,Triathlon Women's Olympic Distance,1
GBR,Athletics Women's 800 metres,1
GBR,Athletics Women's 200 metres,1
GBR,Figure Skating Mixed Pairs,2
GBR,Snowboarding Women's Slopestyle,1
GBR,Athletics Women's Heptathlon,2
GBR,Cycling Women's Sprint,1
GBR,"Cycling Women's Individual Pursuit, 3,000 metres",1
GBR,Tennis Women's Singles,3
GBR,Athletics Women's 400 metres,2
GBR,"Athletics Women's 3,000 metres",1
GBR,"Tennis Women's Singles, Covered Courts",1
GBR,Swimming Women's 10 kilometres Open Water,1
GBR,"Canoeing Women's Kayak Singles, Slalom",1
GBR,Judo Women's Half-Lightweight,1
GBR,Sailing Women's Windsurfer,1
GBR,"Equestrianism Mixed Jumping, Team",1
GBR,Taekwondo Women's Heavyweight,2
GBR,Gymnastics Women's Floor Exercise,1
GBR,Figure Skating Mixed Ice Dancing,1
GBR,Gymnastics Women's Uneven Bars,1
GBR,Athletics Women's Javelin Throw,1
GBR,Diving Women's Plain High,1
GBR,Archery Women's Individual,1
GBR,Badminton Mixed Doubles,1
LAT,Luge Mixed Team Relay,1
POL,Volleyball Women's Volleyball,22
POL,Rowing Women's Quadruple Sculls,4
POL,Athletics Women's 4 x 100 metres Relay,4
POL,Swimming Women's 400 metres Individual Medley,1
POL,"Canoeing Women's Kayak Singles, 500 metres",3
POL,Archery Women's Team,3
POL,Rowing Women's Double Sculls,2
POL,"Fencing Women's Foil, Individual",2
POL,Gymnastics Women's Team Portable Apparatus,6
POL,Athletics Women's 100 metres,2
POL,Cross Country Skiing Women's 30 kilometres,1
POL,Cross Country Skiing Women's 15 km Skiathlon,1
POL,"Shooting Women's Small-Bore Rifle, Three Positions, 50 metres",2
POL,Athletics Women's Javelin Throw,1
POL,Athletics Women's 100 metres Hurdles,1
POL,"Wrestling Women's Middleweight, Freestyle",1
POL,"Canoeing Women's Kayak Doubles, 500 metres",8
POL,Sailing Women's Windsurfer,1
POL,Modern Pentathlon Women's Individual,1
POL,"Speed Skating Women's 1,500 metres",1
POL,Athletics Women's Pole Vault,1
POL,Athletics Women's 200 metres,1
POL,Athletics Women's Discus Throw,1
POL,"Wrestling Women's Heavyweight, Freestyle",1
POL,Speed Skating Women's Team Pursuit (6 laps),3
POL,Weightlifting Women's Super-Heavyweight,1
CRC,Swimming Women's 200 metres Freestyle,1
CRC,Swimming Women's 400 metres Freestyle,1
GEO,"Shooting Women's Air Pistol, 10 metres",1
SLO,Athletics Women's 800 metres,1
SLO,Alpine Skiing Women's Combined,1
SLO,Cross Country Skiing Women's Sprint,2
SLO,Biathlon Women's 10 kilometres Pursuit,1
SLO,Alpine Skiing Women's Slalom,1
SLO,Judo Women's Heavyweight,1
SLO,Judo Women's Half-Heavyweight,1
SLO,Judo Women's Half-Middleweight,1
CRO,"Shooting Women's Air Rifle, 10 metres",1
CRO,Taekwondo Women's Welterweight,1
CRO,Athletics Women's High Jump,1
CRO,Taekwondo Women's Flyweight,1
CRO,Taekwondo Women's Featherweight,1
NZL,"Canoeing Women's Kayak Singles, 500 metres",1
NZL,Athletics Women's 800 metres,1
NZL,Rowing Women's Coxless Pairs,4
NZL,Sailing Women's Windsurfer,1
NZL,"Equestrianism Mixed Three-Day Event, Team",5
NZL,Athletics Women's Pole Vault,1
NZL,Athletics Women's Marathon,1
NZL,Swimming Women's 100 metres Backstroke,1
POR,Judo Women's Lightweight,1
POR,Athletics Women's Marathon,1
POR,"Athletics Women's 10,000 metres",1
VEN,Taekwondo Women's Heavyweight,1
VEN,Taekwondo Women's Flyweight,1
VEN,Cycling Women's BMX,1
COL,Judo Women's Middleweight,1
COL,Cycling Women's Points Race,1
COL,Weightlifting Women's Featherweight,1
COL,"Wrestling Women's Lightweight, Freestyle",2
COL,Athletics Women's 400 metres,1
COL,Boxing Women's Flyweight,1
TCH,Gymnastics Women's Team All-Around,8
TCH,Alpine Skiing Women's Downhill,1
TCH,Athletics Women's Shot Put,1
TCH,Cross Country Skiing Women's 5 kilometres,3
TCH,Figure Skating Women's Singles,1
TCH,Tennis Mixed Doubles,1
TCH,Athletics Women's Long Jump,1
CZE,Athletics Women's 400 metres Hurdles,1
CZE,Tennis Mixed Doubles,1
CZE,Athletics Women's Triple Jump,1
CZE,"Shooting Women's Air Rifle, 10 metres",1
CZE,Tennis Women's Singles,2
CZE,Cross Country Skiing Women's 5/10 kilometres Pursuit,1
CZE,Athletics Women's Discus Throw,1
CZE,"Speed Skating Women's 1,500 metres",1
CZE,Tennis Women's Doubles,2
CZE,Athletics Women's Javelin Throw,1
CZE,"Shooting Women's Small-Bore Rifle, Three Positions, 50 metres",1
CZE,Alpine Skiing Women's Slalom,1
JAM,Athletics Women's 4 x 400 metres Relay,15
JAM,Athletics Women's 100 metres,5
JAM,Athletics Women's 4 x 100 metres Relay,6
JAM,Athletics Women's 400 metres,1
JAM,Athletics Women's 200 metres,5
MGL,"Shooting Women's Sporting Pistol, 25 metres",1
MGL,"Wrestling Women's Middleweight, Freestyle",1
AUT,Swimming Women's 4 x 100 metres Freestyle Relay,4
AUT,Figure Skating Mixed Pairs,1
AUT,Alpine Skiing Women's Giant Slalom,3
AUT,Sailing Mixed Multihull,1
AUT,Alpine Skiing Women's Downhill,7
AUT,Athletics Women's High Jump,1
AUT,Alpine Skiing Women's Super G,3
AUT,Athletics Women's Javelin Throw,1
AUT,Swimming Women's 100 metres Breaststroke,1
AUT,"Athletics Women's 1,500 metres",1
AUT,Snowboarding Women's Giant Slalom,1
AUT,Snowboarding Women's Parallel Giant Slalom,1
AUT,Alpine Skiing Women's Slalom,3
AUT,Alpine Skiing Women's Combined,1
AUT,"Fencing Women's Foil, Individual",2
AUT,"Speed Skating Women's 3,000 metres",1
AUT,Luge Women's Singles,3
AUT,"Canoeing Women's Kayak Singles, Slalom",1
AUT,Athletics Women's Shot Put,1
AUT,"Canoeing Women's Kayak Singles, 500 metres",1
AUT,Figure Skating Women's Singles,1
LTU,Rowing Women's Double Sculls,4
LTU,"Cycling Women's Road Race, Individual",1
ISL,Athletics Women's Pole Vault,1
KOR,Handball Women's Handball,14
KOR,Volleyball Women's Volleyball,12
KOR,Table Tennis Women's Team,3
KOR,Badminton Women's Doubles,6
KOR,Table Tennis Women's Doubles,6
KOR,Taekwondo Women's Welterweight,1
KOR,Table Tennis Women's Singles,2
KOR,"Fencing Women's Foil, Team",4
KOR,Short Track Speed Skating Women's 500 metres,2
KOR,Judo Women's Half-Heavyweight,1
KOR,Judo Women's Half-Middleweight,2
KOR,Judo Women's Middleweight,1
KOR,Archery Women's Individual,5
KOR,Judo Women's Heavyweight,1
KOR,"Short Track Speed Skating Women's 1,000 metres",4
KOR,Shooting Women's Trap,1
KOR,"Short Track Speed Skating Women's 1,500 metres",1
KOR,Weightlifting Women's Featherweight,1
THA,Taekwondo Women's Flyweight,3
THA,Weightlifting Women's Lightweight,2
THA,Weightlifting Women's Flyweight,1
SCG,"Shooting Women's Air Rifle, 10 metres",1
IOA,"Shooting Women's Air Rifle, 10 metres",1
MDA,Weightlifting Women's Featherweight,1
YUG,Basketball Women's Basketball,12
YUG,Table Tennis Women's Doubles,2
YUG,"Shooting Women's Sporting Pistol, 25 metres",1
BAH,Athletics Women's 200 metres,1
SRB,Basketball Women's Basketball,12
SRB,Athletics Women's Long Jump,1
MOZ,Athletics Women's 800 metres,1
SVK,Shooting Women's Skeet,1
PRK,Volleyball Women's Volleyball,11
PRK,Short Track Speed Skating Women's 500 metres,1
PRK,Table Tennis Women's Singles,2
PRK,Judo Women's Half-Lightweight,1
PRK,Table Tennis Women's Doubles,2
PRK,Weightlifting Women's Lightweight,1
PRK,Weightlifting Women's Flyweight,1
PRK,Judo Women's Half-Middleweight,1
ZIM,Swimming Women's 200 metres Individual Medley,1
HKG,Cycling Women's Keirin,1
TPE,Table Tennis Women's Singles,1
TPE,Archery Women's Team,6
TPE,Weightlifting Women's Flyweight,1
TPE,Athletics Women's 80 metres Hurdles,1
TPE,Taekwondo Women's Flyweight,1
TPE,Weightlifting Women's Lightweight,1
TPE,Weightlifting Women's Heavyweight,1
TPE,Weightlifting Women's Middleweight,1
TPE,Taekwondo Women's Featherweight,1
BOH,Tennis Women's Singles,1
BOH,Tennis Mixed Doubles,1
LIE,Alpine Skiing Women's Slalom,2
