CHN,Weightlifting Women's Heavyweight,1
CHN,Table Tennis Women's Singles,8
CHN,Volleyball Women's Volleyball,34
CHN,Diving Women's Platform,7
CHN,Diving Women's Synchronized Platform,10
CHN,Weightlifting Women's Middleweight,2
CHN,Weightlifting Women's Flyweight,2
CHN,Weightlifting Women's Lightweight,3
CHN,"Shooting Women's Sporting Pistol, 25 metres",2
CHN,Athletics Women's 10 kilometres Walk,1
CHN,Taekwondo Women's Heavyweight,3
CHN,Gymnastics Women's Team All-Around,6
CHN,Gymnastics Women's Balance Beam,2
CHN,Table Tennis Women's Doubles,8
CHN,Weightlifting Women's Super-Heavyweight,4
CHN,Table Tennis Women's Team,9
CHN,Badminton Women's Doubles,10
CHN,"Shooting Women's Air Rifle, 10 metres",2
CHN,"Shooting Women's Small-Bore Rifle, Three Positions, 50 metres",2
CHN,Diving Women's Springboard,8
CHN,Badminton Mixed Doubles,3
CHN,Cycling Women's Team Sprint,2
CHN,Badminton Women's Singles,4
CHN,Diving Women's Synchronized Springboard,8
CHN,"Shooting Women's Air Pistol, 10 metres",4
CHN,Gymnastics Women's Uneven Bars,3
CHN,Trampolining Women's Individual,1
CHN,Swimming Women's 200 metres Butterfly,2
CHN,Rowing Women's Quadruple Sculls,4
CHN,Swimming Women's 100 metres Freestyle,2
CHN,Short Track Speed Skating Women's 500 metres,4
CHN,"Fencing Women's epee, Team",4
CHN,Tennis Women's Doubles,2
CHN,Swimming Women's 200 metres Individual Medley,2
CHN,Weightlifting Women's Light-Heavyweight,4
CHN,Athletics Women's 20 kilometres Walk,2
CHN,"Fencing Women's Foil, Individual",1
CHN,Taekwondo Women's Welterweight,1
CHN,Swimming Women's 100 metres Breaststroke,1
CHN,Swimming Women's 100 metres Butterfly,1
CHN,Figure Skating Mixed Pairs,1
CHN,Judo Women's Heavyweight,4
CHN,"Short Track Speed Skating Women's 3,000 metres Relay",4
CHN,Judo Women's Half-Heavyweight,2
CHN,"Wrestling Women's Heavyweight, Freestyle",2
CHN,"Athletics Women's 5,000 metres",1
CHN,"Short Track Speed Skating Women's 1,000 metres",2
CHN,Taekwondo Women's Flyweight,2
CHN,Judo Women's Half-Lightweight,2
CHN,"Athletics Women's 10,000 metres",1
CHN,Sailing Women's One Person Dinghy,1
CHN,Swimming Women's 50 metres Freestyle,1
CHN,Weightlifting Women's Featherweight,1
CHN,Swimming Women's 400 metres Individual Medley,1
CHN,Sailing Women's Windsurfer,1
CHN,"Speed Skating Women's 1,000 metres",1
CHN,Archery Women's Individual,1
CHN,Shooting Mixed Skeet,1
CHN,"Short Track Speed Skating Women's 1,500 metres",2
DEN,Handball Women's Handball,45
DEN,Swimming Women's 100 metres Freestyle,1
DEN,Swimming Women's 50 metres Freestyle,1
DEN,Diving Women's Plain High,1
DEN,Swimming Women's 100 metres Backstroke,1
DEN,"Canoeing Women's Kayak Singles, 500 metres",1
DEN,"Fencing Women's Foil, Individual",1
DEN,Sailing Women's One Person Dinghy,1
NED,Hockey Women's Hockey,48
NED,Gymnastics Women's Team All-Around,10
NED,"Speed Skating Women's 3,000 metres",5
NED,Athletics Women's 100 metres,1
NED,Athletics Women's 200 metres,1
NED,Athletics Women's 80 metres Hurdles,1
NED,Athletics Women's 4 x 100 metres Relay,4
NED,"Speed Skating Women's 1,500 metres",5
NED,Sailing Women's One Person Dinghy,1
NED,Water Polo Women's Water Polo,12
NED,Swimming Women's 50 metres Freestyle,3
NED,Swimming Women's 100 metres Freestyle,3
NED,Swimming Women's 100 metres Butterfly,1
NED,Swimming Women's 200 metres Backstroke,1
NED,Swimming Women's 4 x 100 metres Freestyle Relay,10
NED,Figure Skating Women's Singles,1
NED,"Speed Skating Women's 1,000 metres",3
NED,Rowing Women's Lightweight Double Sculls,4
NED,"Cycling Women's Road Race, Individual",4
NED,Swimming Women's 200 metres Butterfly,1
NED,Speed Skating Women's Team Pursuit (6 laps),4
NED,Cycling Women's Keirin,1
NED,Swimming Women's 400 metres Freestyle,1
NED,Swimming Women's 100 metres Backstroke,2
NED,Snowboarding Women's Parallel Giant Slalom,1
NED,Athletics Women's Discus Throw,1
NED,"Speed Skating Women's 5,000 metres",1
NED,"Equestrianism Mixed Dressage, Individual",3
NED,Athletics Women's 800 metres,1
NED,Swimming Women's 10 kilometres Open Water,1
NED,Swimming Women's 100 metres Breaststroke,1
NED,Swimming Women's 200 metres Breaststroke,1
NED,Cycling Women's Points Race,1
NED,Gymnastics Women's Balance Beam,1
NED,Cycling Women's Individual Time Trial,2
NED,"Cycling Women's Individual Pursuit, 3,000 metres",1
USA,Golf Women's Individual,1
USA,Swimming Women's 4 x 100 metres Freestyle Relay,78
USA,Swimming Women's 4 x 100 metres Medley Relay,79
USA,Football Women's Football,66
USA,Athletics Women's 4 x 100 metres Relay,50
USA,Figure Skating Women's Singles,7
USA,Softball Women's Softball,45
USA,Swimming Women's 4 x 200 metres Freestyle Relay,33
USA,Athletics Women's 4 x 400 metres Relay,38
USA,Snowboarding Women's Slopestyle,1
USA,Swimming Women's 100 metres Backstroke,11
USA,Water Polo Women's Water Polo,25
USA,Alpine Skiing Women's Giant Slalom,3
USA,Cycling Women's Individual Time Trial,3
USA,Athletics Women's 100 metres,9
USA,Basketball Women's Basketball,95
USA,Synchronized Swimming Women's Solo,2
USA,Ice Hockey Women's Ice Hockey,20
USA,Bobsleigh Women's Two,2
USA,Swimming Women's 200 metres Breaststroke,4
USA,Rowing Women's Coxed Eights,36
USA,Diving Women's Springboard,11
USA,Diving Women's Platform,8
USA,Swimming Women's 200 metres Backstroke,4
USA,Swimming Women's 800 metres Freestyle,9
USA,Swimming Women's 400 metres Freestyle,11
USA,Athletics Women's Marathon,1
USA,"Shooting Women's Small-Bore Rifle, Three Positions, 50 metres",2
USA,Synchronized Swimming Women's Team,10
USA,Gymnastics Women's Individual All-Around,5
USA,Gymnastics Women's Team All-Around,17
USA,Gymnastics Women's Floor Exercise,2
USA,Gymnastics Women's Horse Vault,1
USA,Speed Skating Women's 500 metres,5
USA,"Speed Skating Women's 1,000 metres",3
USA,Swimming Women's 100 metres Freestyle,9
USA,Swimming Women's 300 metres Freestyle,1
USA,Freestyle Skiing Women's Halfpipe,1
USA,Athletics Women's 200 metres,6
USA,Athletics Women's 400 metres,2
USA,Athletics Women's Discus Throw,2
USA,"Equestrianism Mixed Jumping, Team",5
USA,Tennis Women's Singles,5
USA,"Cycling Women's Road Race, Individual",1
USA,Swimming Women's 100 metres Breaststroke,3
USA,Athletics Women's Shot Put,1
USA,Swimming Women's 200 metres Individual Medley,2
USA,Swimming Women's 400 metres Individual Medley,4
USA,Snowboarding Women's Halfpipe,3
USA,Athletics Women's High Jump,4
USA,Alpine Skiing Women's Slalom,4
USA,Synchronized Swimming Women's Duet,4
USA,Figure Skating Mixed Ice Dancing,1
USA,Athletics Women's 80 metres Hurdles,1
USA,Athletics Women's Javelin Throw,1
USA,Athletics Women's Pole Vault,2
USA,Tennis Women's Doubles,14
USA,Athletics Women's 100 metres Hurdles,4
USA,Skeleton Women's Skeleton,1
USA,Swimming Women's 200 metres Freestyle,5
USA,Judo Women's Half-Heavyweight,2
USA,"Speed Skating Women's 1,500 metres",1
USA,Archery Women's Double Columbia Round,1
USA,Archery Women's Double National Round,1
USA,Archery Women's Team Round,4
USA,Swimming Women's 200 metres Butterfly,4
USA,Sailing Women's Two Person Dinghy,2
USA,Gymnastics Women's Balance Beam,2
USA,Triathlon Women's Olympic Distance,1
USA,Athletics Women's Long Jump,3
USA,Athletics Women's Heptathlon,2
USA,Freestyle Skiing Women's Moguls,2
USA,Alpine Skiing Women's Downhill,1
USA,Swimming Women's 100 metres Butterfly,6
USA,Athletics Women's 800 metres,1
USA,"Wrestling Women's Featherweight, Freestyle",1
USA,Tennis Mixed Doubles,2
USA,Beach Volleyball Women's Beach Volleyball,6
USA,Gymnastics Women's Uneven Bars,1
USA,Athletics Women's 400 metres Hurdles,1
USA,"Shooting Women's Air Rifle, 10 metres",3
USA,Weightlifting Women's Flyweight,1
USA,Shooting Women's Double Trap,2
USA,Shooting Women's Skeet,1
USA,Alpine Skiing Women's Super G,2
USA,Archery Women's Individual,2
USA,Boxing Women's Middleweight,2
USA,Diving Women's Plain High,1
USA,"Equestrianism Mixed Three-Day Event, Team",3
USA,Freestyle Skiing Women's Aerials,1
USA,Sailing Women's One Person Dinghy,1
USA,Short Track Speed Skating Women's 500 metres,2
USA,Swimming Women's 50 metres Freestyle,1
USA,Sailing Mixed 6 metres,1
USA,"Fencing Women's Sabre, Individual",2
FIN,Cross Country Skiing Women's 3 x 5 kilometres Relay,3
FIN,Figure Skating Mixed Pairs,1
FIN,Cross Country Skiing Women's 5 kilometres,4
FIN,Cross Country Skiing Women's 10 kilometres,2
FIN,Cross Country Skiing Women's 20 kilometres,1
FIN,Shooting Women's Trap,1
FIN,"Speed Skating Women's 1,500 metres",1
FIN,Athletics Women's Javelin Throw,1
FIN,"Canoeing Women's Kayak Singles, 500 metres",1
FIN,"Art Competitions Mixed Literature, Lyric Works",1
NOR,Handball Women's Handball,28
NOR,Sailing Women's One Person Dinghy,2
NOR,Cross Country Skiing Women's 3 x 5 kilometres Relay,3
NOR,Cross Country Skiing Women's 4 x 5 kilometres Relay,8
NOR,Football Women's Football,17
NOR,Biathlon Women's 15 kilometres,1
NOR,Biathlon Mixed 2 x 6 kilometres and 2 x 7.5 kilometres Relay,2
NOR,Cross Country Skiing Women's Sprint,2
NOR,Cross Country Skiing Women's 15 km Skiathlon,2
NOR,Cross Country Skiing Women's 30 kilometres,1
NOR,Cross Country Skiing Women's Team Sprint,2
NOR,"Cycling Women's Mountainbike, Cross-Country",1
NOR,Freestyle Skiing Women's Moguls,2
NOR,Figure Skating Women's Singles,3
NOR,"Speed Skating Women's 3,000 metres",1
NOR,Cross Country Skiing Women's 10 kilometres,1
NOR,Athletics Women's Javelin Throw,1
ROU,Gymnastics Women's Team All-Around,18
ROU,Gymnastics Women's Horse Vault,5
ROU,Gymnastics Women's Individual All-Around,2
ROU,Rowing Women's Coxed Fours,5
ROU,Rowing Women's Coxless Pairs,10
ROU,Rowing Women's Coxed Quadruple Sculls,5
ROU,Athletics Women's High Jump,2
ROU,Athletics Women's 800 metres,1
ROU,"Fencing Women's epee, Team",4
ROU,"Fencing Women's Foil, Individual",1
ROU,Rowing Women's Coxed Eights,27
ROU,Gymnastics Women's Uneven Bars,2
ROU,Gymnastics Women's Balance Beam,6
ROU,Gymnastics Women's Floor Exercise,6
ROU,Athletics Women's Marathon,1
ROU,Judo Women's Extra-Lightweight,1
ROU,"Athletics Women's 1,500 metres",1
ROU,Rowing Women's Lightweight Double Sculls,6
ROU,Athletics Women's Discus Throw,1
ROU,"Canoeing Women's Kayak Fours, 500 metres",4
ROU,Swimming Women's 100 metres Backstroke,1
ROU,Swimming Women's 200 metres Backstroke,1
ROU,Rowing Women's Double Sculls,2
ROU,Rowing Women's Single Sculls,3
ROU,Athletics Women's Javelin Throw,1
ROU,Swimming Women's 200 metres Freestyle,1
ROU,"Athletics Women's 3,000 metres",1
ROU,Athletics Women's Long Jump,2
ROU,"Athletics Women's 5,000 metres",1
EST,Cycling Women's Sprint,1
EST,Cross Country Skiing Women's 10 kilometres,1
EST,Cross Country Skiing Women's 15 km Skiathlon,1
FRA,Judo Women's Heavyweight,1
FRA,Figure Skating Mixed Ice Dancing,1
FRA,Cycling Women's Sprint,2
FRA,Cycling Women's 500 metres Time Trial,1
FRA,"Fencing Women's epee, Team",3
FRA,Biathlon Women's 7.5 kilometres Sprint,1
FRA,Athletics Women's 400 metres,3
FRA,Snowboarding Women's Parallel Giant Slalom,1
FRA,"Fencing Women's Foil, Team",5
FRA,"Cycling Women's Mountainbike, Cross-Country",1
FRA,Biathlon Women's 3 x 7.5 kilometres Relay,3
FRA,Tennis Women's Singles,2
FRA,Figure Skating Mixed Pairs,2
FRA,Cycling Women's BMX,1
FRA,Judo Women's Middleweight,1
FRA,Tennis Mixed Doubles,2
FRA,Cycling Women's Points Race,1
FRA,"Canoeing Women's Kayak Singles, Slalom",1
FRA,"Fencing Women's epee, Individual",1
FRA,Judo Women's Half-Middleweight,2
FRA,Alpine Skiing Women's Slalom,2
FRA,Alpine Skiing Women's Giant Slalom,1
FRA,Sailing Mixed 8 metres,1
FRA,Gymnastics Women's Uneven Bars,1
FRA,"Equestrianism Mixed Jumping, Team",1
FRA,"Cycling Women's Road Race, Individual",1
FRA,Swimming Women's 400 metres Freestyle,2
FRA,Sailing Women's Windsurfer,2
FRA,Alpine Skiing Women's Downhill,1
FRA,Boxing Women's Lightweight,1
FRA,Judo Women's Extra-Lightweight,1
FRA,Athletics Women's Shot Put,1
FRA,Athletics Women's Discus Throw,1
FRA,Athletics Women's 200 metres,1
FRA,Judo Women's Half-Lightweight,1
FRA,Snowboarding Women's Giant Slalom,1
FRA,"Fencing Women's Foil, Individual",1
MAR,Athletics Women's 400 metres Hurdles,1
ESP,Sailing Women's Windsurfer,1
ESP,Rhythmic Gymnastics Women's Group,6
ESP,Hockey Women's Hockey,15
ESP,Athletics Women's High Jump,1
ESP,Swimming Women's 200 metres Butterfly,1
ESP,Judo Women's Lightweight,2
ESP,"Canoeing Women's Kayak Singles, Slalom",1
ESP,Sailing Women's Three Person Keelboat,3
ESP,Sailing Women's Two Person Dinghy,4
ESP,Badminton Women's Singles,1
ESP,Judo Women's Half-Lightweight,1
BUL,Swimming Women's 100 metres Breaststroke,1
BUL,Biathlon Women's 15 kilometres,1
BUL,Athletics Women's 100 metres Hurdles,1
BUL,Rowing Women's Single Sculls,1
BUL,"Canoeing Women's Kayak Singles, 500 metres",1
BUL,"Shooting Women's Sporting Pistol, 25 metres",2
BUL,Rowing Women's Coxless Pairs,2
BUL,Athletics Women's Shot Put,1
BUL,Athletics Women's High Jump,1
BUL,Athletics Women's Triple Jump,1
BUL,Rowing Women's Double Sculls,2
ITA,Water Polo Women's Water Polo,13
ITA,Shooting Women's Skeet,2
ITA,"Cycling Women's Individual Pursuit, 3,000 metres",1
ITA,Cycling Women's Points Race,1
ITA,Cross Country Skiing Women's 30 kilometres,3
ITA,Cross Country Skiing Women's 15 kilometres,2
ITA,"Fencing Women's Foil, Team",15
ITA,"Fencing Women's Foil, Individual",7
ITA,Alpine Skiing Women's Super G,2
ITA,Alpine Skiing Women's Giant Slalom,2
ITA,"Athletics Women's 1,500 metres",1
ITA,"Canoeing Women's Kayak Singles, 500 metres",1
ITA,Luge Women's Singles,2
ITA,Alpine Skiing Women's Slalom,1
ITA,Swimming Women's 200 metres Freestyle,1
ITA,"Cycling Women's Mountainbike, Cross-Country",2
ITA,Judo Women's Lightweight,1
ITA,Shooting Women's Trap,1
ITA,Sailing Women's Windsurfer,1
ITA,Athletics Women's High Jump,1
ITA,Athletics Women's 80 metres Hurdles,1
AZE,Shooting Women's Skeet,1
RUS,Biathlon Women's 4 x 6 kilometres Relay,8
RUS,Rhythmic Gymnastics Women's Group,29
RUS,Athletics Women's 400 metres Hurdles,2
RUS,Synchronized Swimming Women's Team,44
RUS,"Fencing Women's epee, Team",8
RUS,Cross Country Skiing Women's 4 x 5 kilometres Relay,12
RUS,Rhythmic Gymnastics Women's Individual,5
RUS,"Speed Skating Women's 3,000 metres",1
RUS,Figure Skating Mixed Pairs,5
RUS,Handball Women's Handball,15
RUS,Figure Skating Mixed Team,5
RUS,Speed Skating Women's 500 metres,1
RUS,"Fencing Women's Foil, Team",4
RUS,Synchronized Swimming Women's Duet,10
RUS,Cross Country Skiing Women's 30 kilometres,1
RUS,Cross Country Skiing Women's Sprint,1
RUS,Athletics Women's 4 x 100 metres Relay,4
RUS,Athletics Women's High Jump,3
RUS,Cross Country Skiing Women's 15 kilometres,1
RUS,Tennis Women's Singles,1
RUS,"Fencing Women's Foil, Individual",1
RUS,"Fencing Women's Sabre, Team",4
RUS,"Shooting Women's Small-Bore Rifle, Three Positions, 50 metres",1
RUS,Figure Skating Mixed Ice Dancing,3
RUS,Swimming Women's 10 kilometres Open Water,1
RUS,Diving Women's Synchronized Springboard,2
RUS,Biathlon Women's 15 kilometres,1
RUS,Athletics Women's Pole Vault,2
RUS,Athletics Women's 20 kilometres Walk,2
RUS,Trampolining Women's Individual,1
RUS,Gymnastics Women's Uneven Bars,4
RUS,"Shooting Women's Air Pistol, 10 metres",1
RUS,Biathlon Women's 7.5 kilometres Sprint,1
RUS,Athletics Women's Hammer Throw,2
RUS,Cross Country Skiing Women's 5 kilometres,2
RUS,Cross Country Skiing Women's 5/10 kilometres Pursuit,2
RUS,Athletics Women's Long Jump,1
RUS,Tennis Women's Doubles,2
RUS,Athletics Women's 800 metres,2
RUS,"Athletics Women's 1,500 metres",1
RUS,Athletics Women's 10 kilometres Walk,1
RUS,Biathlon Women's 4 x 7.5 kilometres Relay,4
RUS,Biathlon Women's 10 kilometres Pursuit,1
RUS,Athletics Women's Discus Throw,1
RUS,"Athletics Women's 3,000 metres Steeplechase",2
RUS,Cycling Women's Points Race,1
RUS,Figure Skating Women's Singles,1
RUS,"Wrestling Women's Heavyweight, Freestyle",1
RUS,"Fencing Women's Sabre, Individual",1
RUS,Cycling Women's Individual Time Trial,1
RUS,Gymnastics Women's Floor Exercise,1
RUS,Gymnastics Women's Horse Vault,1
ARG,Sailing Mixed Multihull,1
ARG,Judo Women's Extra-Lightweight,1
CUB,Volleyball Women's Volleyball,28
CUB,Athletics Women's Javelin Throw,2
CUB,Athletics Women's Shot Put,1
CUB,Judo Women's Lightweight,1
CUB,Athletics Women's Discus Throw,1
CUB,Judo Women's Heavyweight,1
CUB,Judo Women's Middleweight,2
CUB,Judo Women's Half-Lightweight,1
BLR,Tennis Mixed Doubles,1
BLR,Biathlon Women's 10 kilometres Pursuit,1
BLR,Biathlon Women's 12.5 kilometres Mass Start,1
BLR,Biathlon Women's 15 kilometres,1
BLR,Rowing Women's Single Sculls,2
BLR,Athletics Women's Hammer Throw,1
BLR,Athletics Women's 100 metres,1
BLR,Athletics Women's Shot Put,1
BLR,Freestyle Skiing Women's Aerials,1
BLR,Athletics Women's Discus Throw,1
GRE,Sailing Women's Two Person Dinghy,2
GRE,Athletics Women's 400 metres Hurdles,1
GRE,"Shooting Women's Sporting Pistol, 25 metres",1
GRE,Athletics Women's 100 metres Hurdles,1
GRE,Tennis Women's Singles,1
GRE,Athletics Women's Pole Vault,1
GRE,Athletics Women's 20 kilometres Walk,1
CMR,Athletics Women's Triple Jump,2
TUR,"Athletics Women's 1,500 metres",1
TUR,Weightlifting Women's Flyweight,1
MEX,Taekwondo Women's Heavyweight,1
MEX,Weightlifting Women's Lightweight,1
URS,Volleyball Women's Volleyball,46
URS,Rowing Women's Double Sculls,2
URS,Cross Country Skiing Women's 4 x 5 kilometres Relay,8
URS,Gymnastics Women's Team All-Around,56
URS,Gymnastics Women's Uneven Bars,2
URS,"Speed Skating Women's 1,000 metres",4
URS,"Speed Skating Women's 3,000 metres",3
URS,Basketball Women's Basketball,24
URS,Figure Skating Mixed Pairs,7
URS,Handball Women's Handball,27
URS,Figure Skating Mixed Ice Dancing,3
URS,Gymnastics Women's Balance Beam,3
URS,Gymnastics Women's Horse Vault,6
URS,"Athletics Women's 10,000 metres",1
URS,Cross Country Skiing Women's 5 kilometres,3
URS,Cross Country Skiing Women's 10 kilometres,6
URS,Cross Country Skiing Women's 3 x 5 kilometres Relay,6
URS,"Athletics Women's 1,500 metres",3
URS,Athletics Women's 400 metres,1
URS,Athletics Women's 4 x 400 metres Relay,11
URS,Athletics Women's Shot Put,6
URS,Gymnastics Women's Individual All-Around,6
URS,"Canoeing Women's Kayak Singles, 500 metres",5
URS,"Fencing Women's Foil, Team",21
URS,"Canoeing Women's Kayak Doubles, 500 metres",6
URS,Athletics Women's Javelin Throw,2
URS,Swimming Women's 200 metres Breaststroke,3
URS,Athletics Women's Long Jump,2
URS,Diving Women's Springboard,1
URS,Athletics Women's 800 metres,3
URS,Gymnastics Women's Floor Exercise,7
URS,Athletics Women's 100 metres Hurdles,1
URS,Athletics Women's 100 metres,1
URS,Rhythmic Gymnastics Women's Individual,1
URS,Archery Women's Individual,1
URS,Athletics Women's Discus Throw,4
URS,"Equestrianism Mixed Dressage, Team",2
URS,"Fencing Women's Foil, Individual",1
URS,Athletics Women's 80 metres Hurdles,1
URS,Athletics Women's Pentathlon,2
URS,"Shooting Women's Sporting Pistol, 25 metres",1
URS,Cycling Women's Sprint,1
URS,"Athletics Women's 3,000 metres",1
URS,"Shooting Women's Air Rifle, 10 metres",1
URS,"Speed Skating Women's 1,500 metres",3
URS,Speed Skating Women's 500 metres,2
URS,Cross Country Skiing Women's 20 kilometres,1
URS,Diving Women's Platform,1
URS,Luge Women's Singles,1
HUN,"Fencing Women's Foil, Team",5
HUN,Gymnastics Women's Team Portable Apparatus,6
HUN,Athletics Women's High Jump,1
HUN,"Canoeing Women's Kayak Fours, 500 metres",12
HUN,"Canoeing Women's Kayak Singles, 500 metres",4
HUN,"Canoeing Women's Kayak Doubles, 500 metres",6
HUN,Swimming Women's 200 metres Backstroke,3
HUN,Swimming Women's 100 metres Backstroke,2
HUN,Swimming Women's 400 metres Individual Medley,2
HUN,"Fencing Women's Foil, Individual",4
HUN,Swimming Women's 4 x 100 metres Freestyle Relay,5
HUN,Athletics Women's Long Jump,1
HUN,Swimming Women's 400 metres Freestyle,1
HUN,Swimming Women's 200 metres Individual Medley,1
HUN,Shooting Women's Skeet,1
HUN,Gymnastics Women's Floor Exercise,2
HUN,Gymnastics Women's Uneven Bars,2
HUN,Gymnastics Women's Balance Beam,1
HUN,Swimming Women's 200 metres Breaststroke,2
HUN,"Fencing Women's epee, Individual",3
HUN,Athletics Women's Javelin Throw,1
HUN,Gymnastics Women's Horse Vault,1
HUN,Swimming Women's 10 kilometres Open Water,1
HUN,Swimming Women's 100 metres Freestyle,1
HUN,Modern Pentathlon Women's Individual,1
NGR,Athletics Women's Long Jump,1
ALG,"Athletics Women's 1,500 metres",2
BRN,"Athletics Women's 3,000 metres Steeplechase",1
GER,Speed Skating Women's Team Pursuit (6 laps),9
GER,Biathlon Women's 4 x 7.5 kilometres Relay,8
GER,"Equestrianism Mixed Three-Day Event, Team",3
GER,Hockey Women's Hockey,16
GER,Rowing Women's Quadruple Sculls,20
GER,Football Women's Football,18
GER,Gymnastics Women's Team All-Around,8
GER,Cross Country Skiing Women's 4 x 5 kilometres Relay,4
GER,Alpine Skiing Women's Downhill,3
GER,Judo Women's Lightweight,1
GER,"Speed Skating Women's 1,500 metres",2
GER,Rowing Women's Double Sculls,4
GER,"Equestrianism Mixed Dressage, Team",17
GER,Alpine Skiing Women's Combined,4
GER,"Canoeing Women's Kayak Doubles, 500 metres",8
GER,Trampolining Women's Individual,1
GER,Athletics Women's Long Jump,2
GER,Luge Women's Singles,6
GER,Figure Skating Mixed Pairs,3
GER,"Canoeing Women's Kayak Fours, 500 metres",16
GER,"Canoeing Women's Kayak Singles, 500 metres",1
GER,Athletics Women's Javelin Throw,2
GER,Luge Mixed Team Relay,1
GER,Alpine Skiing Women's Slalom,2
GER,Diving Women's Springboard,2
GER,Diving Women's Platform,1
GER,Speed Skating Women's 500 metres,1
GER,Swimming Women's 200 metres Breaststroke,2
GER,Swimming Women's 400 metres Freestyle,1
GER,"Fencing Women's epee, Individual",1
GER,Biathlon Women's 15 kilometres,2
GER,Tennis Mixed Doubles,1
GER,Athletics Women's Shot Put,1
GER,Cross Country Skiing Women's Team Sprint,2
GER,"Shooting Women's Small-Bore Rifle, Three Positions, 50 metres",1
GER,Beach Volleyball Women's Beach Volleyball,2
GER,Athletics Women's Discus Throw,2
GER,"Fencing Women's Foil, Individual",2
GER,"Canoeing Women's Kayak Singles, Slalom",1
GER,Biathlon Women's 10 kilometres Pursuit,2
GER,Biathlon Women's 12.5 kilometres Mass Start,1
GER,"Speed Skating Women's 3,000 metres",3
GER,"Speed Skating Women's 5,000 metres",4
GER,Bobsleigh Women's Two,2
GER,Athletics Women's 800 metres,1
GER,Alpine Skiing Women's Giant Slalom,2
GER,Athletics Women's High Jump,1
GER,Athletics Women's 80 metres Hurdles,1
GER,"Cycling Women's Individual Pursuit, 3,000 metres",1
GER,Rowing Women's Single Sculls,1
GER,Modern Pentathlon Women's Individual,1
GER,"Cycling Women's Mountainbike, Cross-Country",1
GER,Swimming Women's 50 metres Freestyle,1
GER,Swimming Women's 100 metres Freestyle,1
GER,Snowboarding Women's Halfpipe,1
GER,"Equestrianism Mixed Dressage, Individual",2
GER,Cycling Women's Team Sprint,2
GER,Cycling Women's Sprint,1
GER,"Ski Jumping Women's Normal Hill, Individual",1
GER,Biathlon Women's 7.5 kilometres Sprint,1
CAN,Ice Hockey Women's Ice Hockey,81
CAN,Rowing Women's Coxless Fours,4
CAN,Rowing Women's Coxed Eights,9
CAN,Biathlon Women's 7.5 kilometres Sprint,1
CAN,Biathlon Women's 15 kilometres,1
CAN,Athletics Women's 4 x 100 metres Relay,4
CAN,Diving Women's Springboard,1
CAN,Curling Women's Curling,9
CAN,Synchronized Swimming Women's Duet,2
CAN,Athletics Women's High Jump,1
CAN,Cross Country Skiing Women's Sprint,1
CAN,"Short Track Speed Skating Women's 3,000 metres Relay",4
CAN,Freestyle Skiing Women's Moguls,2
CAN,Synchronized Swimming Women's Solo,2
CAN,Rhythmic Gymnastics Women's Individual,1
CAN,Alpine Skiing Women's Giant Slalom,2
CAN,Rowing Women's Coxless Pairs,2
CAN,Rowing Women's Double Sculls,2
CAN,Alpine Skiing Women's Slalom,1
CAN,Freestyle Skiing Women's Slopestyle,1
CAN,"Speed Skating Women's 5,000 metres",1
CAN,Bobsleigh Women's Two,4
CAN,"Wrestling Women's Flyweight, Freestyle",1
CAN,"Speed Skating Women's 1,500 metres",1
CAN,Speed Skating Women's 500 metres,2
CAN,Alpine Skiing Women's Downhill,1
CAN,Trampolining Women's Individual,2
CAN,Freestyle Skiing Women's Ski Cross,2
CAN,Cycling Women's Sprint,1
CAN,"Speed Skating Women's 1,000 metres",1
CAN,Swimming Women's 100 metres Freestyle,1
CAN,Swimming Women's 200 metres Breaststroke,1
CAN,Short Track Speed Skating Women's 500 metres,1
CAN,Snowboarding Women's Boardercross,1
CAN,Figure Skating Mixed Pairs,2
CAN,Figure Skating Women's Singles,1
CAN,Cross Country Skiing Women's 5/5 kilometres Pursuit,1
CAN,"Shooting Women's Sporting Pistol, 25 metres",1
CAN,Figure Skating Mixed Ice Dancing,1
CAN,"Wrestling Women's Heavyweight, Freestyle",1
IRL,Swimming Women's 400 metres Freestyle,1
IRL,Swimming Women's 200 metres Individual Medley,1
IRL,Swimming Women's 400 metres Individual Medley,1
IRL,Boxing Women's Lightweight,1
AUS,Hockey Women's Hockey,48
AUS,Sailing Women's Two Person Dinghy,4
AUS,Swimming Women's 4 x 200 metres Freestyle Relay,8
AUS,Shooting Women's Trap,2
AUS,Rugby Sevens Women's Rugby Sevens,12
AUS,Snowboarding Women's Halfpipe,1
AUS,Taekwondo Women's Flyweight,1
AUS,Athletics Women's 80 metres Hurdles,3
AUS,Swimming Women's 4 x 100 metres Freestyle Relay,23
AUS,Freestyle Skiing Women's Aerials,2
AUS,"Cycling Women's Road Race, Individual",2
AUS,Water Polo Women's Water Polo,13
AUS,Beach Volleyball Women's Beach Volleyball,2
AUS,Swimming Women's 400 metres Freestyle,2
AUS,Athletics Women's 4 x 100 metres Relay,4
AUS,Rowing Women's Single Sculls,1
AUS,Athletics Women's 100 metres,2
AUS,Athletics Women's 200 metres,2
AUS,Athletics Women's 400 metres,2
AUS,Swimming Women's 200 metres Breaststroke,2
AUS,Modern Pentathlon Women's Individual,1
AUS,Athletics Women's 400 metres Hurdles,1
AUS,Swimming Women's 800 metres Freestyle,1
AUS,Swimming Women's 100 metres Freestyle,4
AUS,Swimming Women's 4 x 100 metres Medley Relay,14
AUS,Swimming Women's 200 metres Freestyle,2
AUS,Swimming Women's 200 metres Individual Medley,2
AUS,Swimming Women's 100 metres Breaststroke,1
AUS,Swimming Women's 100 metres Butterfly,3
AUS,Athletics Women's 100 metres Hurdles,1
AUS,Cycling Women's 500 metres Time Trial,1
AUS,Cycling Women's Sprint,1
AUS,Diving Women's Platform,1
AUS,Swimming Women's 400 metres Individual Medley,2
AUS,Athletics Women's Heptathlon,1
AUS,Swimming Women's 200 metres Butterfly,1
AUS,"Equestrianism Mixed Three-Day Event, Team",3
AUS,Rowing Women's Coxless Pairs,2
AUS,Triathlon Women's Olympic Distance,1
RSA,Athletics Women's High Jump,1
RSA,Swimming Women's 100 metres Backstroke,1
RSA,Swimming Women's 100 metres Breaststroke,1
RSA,Swimming Women's 200 metres Breaststroke,1
RSA,Athletics Women's 800 metres,1
BEL,Athletics Women's High Jump,1
BEL,Tennis Women's Singles,1
BEL,Figure Skating Mixed Pairs,1
BEL,Athletics Women's Heptathlon,1
BEL,Judo Women's Half-Heavyweight,1
KAZ,Weightlifting Women's Featherweight,1
KAZ,Weightlifting Women's Middleweight,1
KAZ,Weightlifting Women's Heavyweight,1
KAZ,Athletics Women's Triple Jump,1
KAZ,Athletics Women's 100 metres Hurdles,1
SYR,Athletics Women's Heptathlon,1
ETH,"Athletics Women's 10,000 metres",5
ETH,"Athletics Women's 5,000 metres",3
ETH,Athletics Women's Marathon,2
INA,Badminton Mixed Doubles,1
INA,Badminton Women's Singles,1
UZB,Freestyle Skiing Women's Aerials,1
EUN,Basketball Women's Basketball,12
EUN,Gymnastics Women's Team All-Around,6
EUN,Athletics Women's 4 x 400 metres Relay,6
EUN,"Shooting Women's Air Pistol, 10 metres",1
EUN,"Shooting Women's Sporting Pistol, 25 metres",1
EUN,Gymnastics Women's Individual All-Around,1
EUN,Figure Skating Mixed Ice Dancing,1
EUN,Athletics Women's Shot Put,1
EUN,Cross Country Skiing Women's 4 x 5 kilometres Relay,4
EUN,Gymnastics Women's Balance Beam,1
EUN,Figure Skating Mixed Pairs,1
EUN,Biathlon Women's 7.5 kilometres Sprint,1
EUN,"Athletics Women's 3,000 metres",1
EUN,Swimming Women's 100 metres Breaststroke,1
EUN,Rhythmic Gymnastics Women's Individual,1
EUN,Cross Country Skiing Women's 15 kilometres,1
EUN,Cross Country Skiing Women's 5/10 kilometres Pursuit,1
EUN,Athletics Women's Marathon,1
JPN,Judo Women's Half-Heavyweight,1
JPN,Swimming Women's 100 metres Butterfly,1
JPN,Figure Skating Women's Singles,1
JPN,Volleyball Women's Volleyball,24
JPN,"Wrestling Women's Light-Heavyweight, Freestyle",1
JPN,Softball Women's Softball,15
JPN,Judo Women's Half-Middleweight,3
JPN,"Wrestling Women's Middleweight, Freestyle",4
JPN,"Wrestling Women's Lightweight, Freestyle",4
JPN,Swimming Women's 200 metres Breaststroke,3
JPN,Judo Women's Lightweight,1
JPN,Badminton Women's Doubles,2
JPN,Athletics Women's Marathon,2
JPN,"Wrestling Women's Flyweight, Freestyle",2
JPN,Freestyle Skiing Women's Moguls,1
JPN,Swimming Women's 800 metres Freestyle,1
JPN,Judo Women's Middleweight,3
JPN,Judo Women's Extra-Lightweight,2
JPN,Judo Women's Heavyweight,1
SUI,Alpine Skiing Women's Downhill,5
SUI,Alpine Skiing Women's Slalom,3
SUI,Sailing Mixed 1-2 Ton,1
SUI,Alpinism Mixed Alpinism,1
SUI,Snowboarding Women's Boardercross,1
SUI,Snowboarding Women's Parallel Giant Slalom,2
SUI,Freestyle Skiing Women's Aerials,1
SUI,Triathlon Women's Olympic Distance,2
SUI,Alpine Skiing Women's Giant Slalom,3
SUI,Skeleton Women's Skeleton,1
SUI,"Equestrianism Mixed Dressage, Individual",1
BRA,Volleyball Women's Volleyball,24
BRA,Sailing Women's Skiff,2
BRA,Athletics Women's Long Jump,1
BRA,Judo Women's Extra-Lightweight,1
BRA,Beach Volleyball Women's Beach Volleyball,2
BRA,Judo Women's Lightweight,1
FRG,"Fencing Women's Foil, Team",10
FRG,"Canoeing Women's Kayak Doubles, 500 metres",2
FRG,Athletics Women's 800 metres,1
FRG,"Fencing Women's Foil, Individual",1
FRG,"Speed Skating Women's 1,000 metres",1
FRG,Tennis Women's Singles,1
FRG,"Equestrianism Mixed Dressage, Team",5
FRG,Alpine Skiing Women's Downhill,2
FRG,Athletics Women's 4 x 100 metres Relay,4
FRG,"Equestrianism Mixed Dressage, Individual",2
FRG,Athletics Women's Shot Put,1
FRG,Athletics Women's High Jump,2
FRG,Athletics Women's Pentathlon,1
FRG,Alpine Skiing Women's Slalom,1
FRG,Athletics Women's 100 metres,1
FRG,Athletics Women's Long Jump,1
FRG,"Shooting Women's Small-Bore Rifle, Three Positions, 50 metres",1
GDR,Rowing Women's Coxed Eights,27
GDR,Cross Country Skiing Women's 4 x 5 kilometres Relay,4
GDR,Swimming Women's 100 metres Breaststroke,2
GDR,Swimming Women's 4 x 100 metres Medley Relay,18
GDR,Athletics Women's 4 x 100 metres Relay,8
GDR,"Canoeing Women's Kayak Singles, Slalom",1
GDR,Rowing Women's Single Sculls,2
GDR,"Canoeing Women's Kayak Doubles, 500 metres",4
GDR,Rowing Women's Coxed Quadruple Sculls,11
GDR,Athletics Women's 4 x 400 metres Relay,8
GDR,Swimming Women's 400 metres Freestyle,2
GDR,Swimming Women's 4 x 100 metres Freestyle Relay,11
GDR,Rowing Women's Coxed Fours,15
GDR,Athletics Women's 200 metres,3
GDR,Athletics Women's 100 metres Hurdles,2
GDR,"Speed Skating Women's 3,000 metres",1
GDR,Swimming Women's 100 metres Freestyle,3
GDR,Swimming Women's 200 metres Freestyle,3
GDR,Swimming Women's 100 metres Butterfly,3
GDR,Speed Skating Women's 500 metres,2
GDR,"Speed Skating Women's 1,000 metres",2
GDR,"Speed Skating Women's 1,500 metres",1
GDR,"Canoeing Women's Kayak Singles, 500 metres",2
GDR,"Canoeing Women's Kayak Fours, 500 metres",4
GDR,Rowing Women's Quadruple Sculls,4
GDR,Athletics Women's Javelin Throw,3
GDR,Swimming Women's 200 metres Butterfly,3
GDR,Gymnastics Women's Uneven Bars,2
GDR,Athletics Women's Discus Throw,3
GDR,Athletics Women's Shot Put,2
GDR,Swimming Women's 200 metres Breaststroke,1
GDR,Swimming Women's 200 metres Individual Medley,1
GDR,Gymnastics Women's Horse Vault,1
GDR,Diving Women's Platform,1
GDR,Rowing Women's Coxless Pairs,2
GDR,Athletics Women's 400 metres,2
GDR,Luge Women's Singles,4
GDR,Swimming Women's 50 metres Freestyle,1
GDR,Swimming Women's 100 metres Backstroke,3
GDR,Rowing Women's Double Sculls,2
GDR,Cross Country Skiing Women's 10 kilometres,1
GDR,Figure Skating Women's Singles,3
GDR,Swimming Women's 200 metres Backstroke,2
GDR,Swimming Women's 400 metres Individual Medley,2
GDR,Athletics Women's Pentathlon,1
GDR,Athletics Women's 100 metres,1
GDR,Swimming Women's 800 metres Freestyle,1
GDR,Athletics Women's Long Jump,1
GDR,Athletics Women's High Jump,1
GDR,Athletics Women's 800 metres,1
SWE,"Canoeing Women's Kayak Singles, 500 metres",1
SWE,"Canoeing Women's Kayak Doubles, 500 metres",4
SWE,Cross Country Skiing Women's Team Sprint,2
SWE,Gymnastics Women's Team Portable Apparatus,8
SWE,Cross Country Skiing Women's 3 x 5 kilometres Relay,3
SWE,Cross Country Skiing Women's 5 kilometres,1
SWE,Cross Country Skiing Women's 10 kilometres,2
SWE,Cross Country Skiing Women's 4 x 5 kilometres Relay,4
SWE,Shooting Women's Double Trap,1
SWE,Diving Women's Plain High,1
SWE,Figure Skating Women's Singles,1
SWE,Athletics Women's Heptathlon,1
SWE,Diving Women's Platform,1
SWE,Curling Women's Curling,8
SWE,Athletics Women's 100 metres Hurdles,1
SWE,Biathlon Women's 12.5 kilometres Mass Start,1
SWE,Alpine Skiing Women's Slalom,1
SWE,"Cycling Women's Mountainbike, Cross-Country",1
SWE,Swimming Women's 100 metres Butterfly,1
SWE,Alpine Skiing Women's Giant Slalom,1
SWE,Alpine Skiing Women's Combined,1
KEN,"Athletics Women's 5,000 metres",1
KEN,Athletics Women's 800 metres,1
KEN,"Athletics Women's 1,500 metres",2
KEN,Athletics Women's Marathon,1
UKR,Figure Skating Women's Singles,1
UKR,Rowing Women's Quadruple Sculls,4
UKR,Athletics Women's Heptathlon,1
UKR,Biathlon Women's 4 x 6 kilometres Relay,4
UKR,"Fencing Women's Sabre, Team",4
UKR,Swimming Women's 200 metres Individual Medley,2
UKR,Swimming Women's 400 metres Individual Medley,2
UKR,"Shooting Women's Air Pistol, 10 metres",1
UKR,Athletics Women's Triple Jump,1
UKR,"Wrestling Women's Flyweight, Freestyle",1
UKR,"Canoeing Women's Kayak Singles, 500 metres",1
UKR,Gymnastics Women's Individual All-Around,1
UKR,Gymnastics Women's Floor Exercise,1
UKR,Rhythmic Gymnastics Women's Individual,1
UKR,"Fencing Women's epee, Individual",1
UKR,Weightlifting Women's Middleweight,1
GBR,Boxing Women's Flyweight,2
GBR,Swimming Women's 400 metres Freestyle,1
GBR,Swimming Women's 800 metres Freestyle,1
GBR,Figure Skating Women's Singles,2
GBR,Hockey Women's Hockey,16
GBR,Cycling Women's Team Pursuit,7
GBR,Sailing Women's Three Person Keelboat,6
GBR,Rowing Women's Double Sculls,2
GBR,"Equestrianism Mixed Dressage, Team",2
GBR,Athletics Women's Long Jump,1
GBR,"Equestrianism Mixed Three-Day Event, Team",3
GBR,Sailing Women's Two Person Dinghy,2
GBR,Modern Pentathlon Women's Individual,1
GBR,"Cycling Women's Road Race, Individual",1
GBR,Tennis Women's Singles,2
GBR,Tennis Mixed Doubles,1
GBR,Rowing Women's Lightweight Double Sculls,2
GBR,"Equestrianism Mixed Dressage, Individual",2
GBR,"Tennis Women's Singles, Covered Courts",2
GBR,Athletics Women's Heptathlon,2
GBR,Swimming Women's 4 x 100 metres Freestyle Relay,4
GBR,Rowing Women's Coxless Pairs,4
GBR,Swimming Women's 100 metres Backstroke,1
GBR,Athletics Women's 400 metres Hurdles,1
GBR,"Tennis Mixed Doubles, Covered Courts",1
GBR,Athletics Women's 800 metres,2
GBR,"Athletics Women's 1,500 metres",1
GBR,Taekwondo Women's Featherweight,2
GBR,Curling Women's Curling,5
GBR,Swimming Women's 200 metres Breaststroke,2
GBR,Tennis Women's Doubles,2
GBR,Archery Women's Double National Round,1
GBR,Athletics Women's 400 metres,1
GBR,Cycling Women's Sprint,1
GBR,Cycling Women's Keirin,1
GBR,Athletics Women's Pentathlon,1
GBR,Sailing Mixed 7 metres,2
GBR,Sailing Women's One Person Dinghy,1
GBR,"Cycling Women's Individual Pursuit, 3,000 metres",1
GBR,Athletics Women's Javelin Throw,1
GBR,"Fencing Women's Foil, Individual",1
GBR,Figure Skating Mixed Ice Dancing,1
GBR,Cycling Women's Omnium,2
GBR,Skeleton Women's Skeleton,2
POL,Athletics Women's 4 x 100 metres Relay,4
POL,Rowing Women's Double Sculls,2
POL,Swimming Women's 200 metres Butterfly,1
POL,Athletics Women's Discus Throw,1
POL,Cross Country Skiing Women's 30 kilometres,1
POL,Cross Country Skiing Women's 10 kilometres,1
POL,Athletics Women's Long Jump,1
POL,"Shooting Women's Air Rifle, 10 metres",1
POL,"Shooting Women's Small-Bore Rifle, Three Positions, 50 metres",1
POL,Athletics Women's Hammer Throw,2
POL,Athletics Women's 200 metres,1
POL,Athletics Women's 400 metres,1
POL,Athletics Women's 100 metres,1
CRC,Swimming Women's 200 metres Freestyle,1
SLO,Alpine Skiing Women's Downhill,1
SLO,Alpine Skiing Women's Giant Slalom,1
SLO,Judo Women's Half-Middleweight,2
CRO,Athletics Women's Javelin Throw,1
CRO,Alpine Skiing Women's Giant Slalom,1
CRO,Alpine Skiing Women's Slalom,1
CRO,Alpine Skiing Women's Combined,2
CRO,Athletics Women's Discus Throw,2
NZL,Athletics Women's Shot Put,2
NZL,Sailing Women's Two Person Dinghy,2
NZL,"Canoeing Women's Kayak Singles, 200 metres",2
NZL,Rowing Women's Double Sculls,4
NZL,Sailing Women's Windsurfer,1
NZL,"Cycling Women's Individual Pursuit, 3,000 metres",1
NZL,Athletics Women's Long Jump,1
POR,Athletics Women's Marathon,1
POR,"Athletics Women's 10,000 metres",1
COL,Athletics Women's Triple Jump,1
COL,Cycling Women's BMX,2
COL,Weightlifting Women's Heavyweight,1
PUR,Tennis Women's Singles,1
TCH,Gymnastics Women's Balance Beam,2
TCH,Gymnastics Women's Individual All-Around,2
TCH,Gymnastics Women's Horse Vault,2
TCH,Gymnastics Women's Floor Exercise,1
TCH,Gymnastics Women's Uneven Bars,1
TCH,Diving Women's Platform,1
TCH,Athletics Women's Discus Throw,1
TCH,Gymnastics Women's Team All-Around,8
TCH,Athletics Women's High Jump,1
TCH,Athletics Women's Javelin Throw,1
CZE,"Canoeing Women's Kayak Singles, Slalom",2
CZE,"Shooting Women's Air Rifle, 10 metres",1
CZE,Cross Country Skiing Women's 30 kilometres,1
CZE,"Speed Skating Women's 3,000 metres",1
CZE,"Speed Skating Women's 5,000 metres",2
CZE,Snowboarding Women's Boardercross,1
CZE,Athletics Women's Javelin Throw,2
CZE,Rowing Women's Single Sculls,1
JAM,Athletics Women's 4 x 100 metres Relay,5
JAM,Athletics Women's 200 metres,3
JAM,Athletics Women's 100 metres,3
JAM,Athletics Women's 400 metres Hurdles,2
AUT,Triathlon Women's Olympic Distance,1
AUT,Athletics Women's Javelin Throw,1
AUT,Alpine Skiing Women's Downhill,5
AUT,Alpine Skiing Women's Super G,4
AUT,Snowboarding Women's Parallel Slalom,1
AUT,Figure Skating Mixed Pairs,2
AUT,Alpine Skiing Women's Combined,3
AUT,Alpine Skiing Women's Slalom,1
AUT,"Equestrianism Mixed Dressage, Individual",1
AUT,"Fencing Women's Foil, Individual",1
AUT,"Speed Skating Women's 1,500 metres",1
AUT,Luge Women's Singles,1
AUT,Figure Skating Women's Singles,2
LTU,Modern Pentathlon Women's Individual,1
LTU,Shooting Women's Trap,1
LTU,Swimming Women's 100 metres Breaststroke,1
KOR,"Short Track Speed Skating Women's 3,000 metres Relay",22
KOR,Badminton Women's Singles,1
KOR,Handball Women's Handball,25
KOR,Archery Women's Individual,8
KOR,Archery Women's Team,24
KOR,Badminton Mixed Doubles,2
KOR,"Short Track Speed Skating Women's 1,500 metres",2
KOR,Taekwondo Women's Welterweight,4
KOR,Badminton Women's Doubles,2
KOR,Table Tennis Women's Doubles,2
KOR,Taekwondo Women's Featherweight,3
KOR,Weightlifting Women's Super-Heavyweight,1
KOR,"Short Track Speed Skating Women's 1,000 metres",4
KOR,Judo Women's Middleweight,1
KOR,"Shooting Women's Sporting Pistol, 25 metres",1
KOR,"Fencing Women's Sabre, Individual",1
KOR,Judo Women's Half-Heavyweight,1
KOR,Taekwondo Women's Flyweight,1
KOR,Figure Skating Women's Singles,1
KOR,Speed Skating Women's 500 metres,2
KOR,Golf Women's Individual,1
KOR,"Shooting Women's Air Rifle, 10 metres",1
THA,Weightlifting Women's Featherweight,2
THA,Weightlifting Women's Lightweight,1
THA,Weightlifting Women's Flyweight,1
THA,Weightlifting Women's Heavyweight,1
ANZ,Swimming Women's 100 metres Freestyle,1
SCG,"Shooting Women's Small-Bore Rifle, Three Positions, 50 metres",1
YUG,Handball Women's Handball,15
YUG,Swimming Women's 100 metres Breaststroke,1
YUG,"Shooting Women's Air Pistol, 10 metres",1
BAH,Athletics Women's 4 x 100 metres Relay,5
BAH,Athletics Women's 200 metres,1
BAH,Athletics Women's 400 metres,2
SRB,Taekwondo Women's Heavyweight,1
MOZ,Athletics Women's 800 metres,1
SVK,"Canoeing Women's Kayak Singles, Slalom",2
SVK,Biathlon Women's 7.5 kilometres Sprint,2
PRK,Judo Women's Half-Lightweight,1
PRK,Gymnastics Women's Horse Vault,1
PRK,Judo Women's Extra-Lightweight,1
PRK,Weightlifting Women's Middleweight,1
PRK,Weightlifting Women's Light-Heavyweight,1
PRK,Weightlifting Women's Heavyweight,1
ZIM,Hockey Women's Hockey,15
ZIM,Swimming Women's 200 metres Backstroke,2
HKG,Sailing Women's Windsurfer,1
TPE,Taekwondo Women's Flyweight,1
TPE,Weightlifting Women's Featherweight,1
LIE,Alpine Skiing Women's Giant Slalom,1
LIE,Alpine Skiing Women's Slalom,1
KOS,Judo Women's Half-Lightweight,1
