CHN,Softball Women's Softball,15
CHN,Basketball Women's Basketball,23
CHN,"Fencing Women's Sabre, Team",4
CHN,Gymnastics Women's Uneven Bars,8
CHN,Swimming Women's 4 x 100 metres Medley Relay,9
CHN,Rhythmic Gymnastics Women's Group,6
CHN,Weightlifting Women's Heavyweight,1
CHN,Rowing Women's Double Sculls,4
CHN,Synchronized Swimming Women's Team,27
CHN,Swimming Women's 4 x 100 metres Freestyle Relay,9
CHN,Table Tennis Women's Singles,17
CHN,Table Tennis Women's Doubles,18
CHN,Volleyball Women's Volleyball,66
CHN,Archery Women's Team,12
CHN,Figure Skating Women's Singles,2
CHN,Sailing Women's Windsurfer,4
CHN,Hockey Women's Hockey,16
CHN,Diving Women's Platform,11
CHN,Diving Women's Synchronized Platform,10
CHN,Weightlifting Women's Middleweight,2
CHN,Weightlifting Women's Flyweight,3
CHN,Weightlifting Women's Lightweight,3
CHN,"Shooting Women's Sporting Pistol, 25 metres",5
CHN,Gymnastics Women's Team All-Around,17
CHN,Athletics Women's 10 kilometres Walk,3
CHN,Football Women's Football,15
CHN,Handball Women's Handball,13
CHN,Taekwondo Women's Heavyweight,3
CHN,Gymnastics Women's Horse Vault,2
CHN,Gymnastics Women's Balance Beam,5
CHN,Weightlifting Women's Super-Heavyweight,4
CHN,Table Tennis Women's Team,9
CHN,Badminton Women's Doubles,24
CHN,"Shooting Women's Air Rifle, 10 metres",7
CHN,"Shooting Women's Small-Bore Rifle, Three Positions, 50 metres",5
CHN,Rowing Women's Single Sculls,1
CHN,"Short Track Speed Skating Women's 1,000 metres",7
CHN,Golf Women's Individual,1
CHN,Diving Women's Springboard,14
CHN,Diving Women's Synchronized Springboard,10
CHN,Swimming Women's 100 metres Backstroke,1
CHN,Shooting Women's Trap,1
CHN,Shooting Women's Double Trap,1
CHN,Judo Women's Extra-Lightweight,1
CHN,Badminton Mixed Doubles,7
CHN,Rowing Women's Coxless Pairs,2
CHN,Cycling Women's Team Sprint,4
CHN,Athletics Women's Shot Put,4
CHN,Badminton Women's Singles,10
CHN,Cycling Women's Sprint,2
CHN,Cycling Women's Keirin,1
CHN,"Shooting Women's Air Pistol, 10 metres",4
CHN,Freestyle Skiing Women's Aerials,5
CHN,Rowing Women's Coxed Eights,9
CHN,"Fencing Women's epee, Team",11
CHN,Trampolining Women's Individual,5
CHN,Archery Women's Individual,3
CHN,Taekwondo Women's Featherweight,1
CHN,Rowing Women's Coxed Fours,5
CHN,Rowing Women's Lightweight Double Sculls,4
CHN,Swimming Women's 200 metres Breaststroke,3
CHN,Synchronized Swimming Women's Duet,4
CHN,Cycling Women's 500 metres Time Trial,2
CHN,Swimming Women's 200 metres Butterfly,4
CHN,Rowing Women's Quadruple Sculls,4
CHN,"Wrestling Women's Middleweight, Freestyle",1
CHN,Swimming Women's 50 metres Freestyle,4
CHN,Swimming Women's 100 metres Freestyle,4
CHN,Swimming Women's 4 x 200 metres Freestyle Relay,10
CHN,Short Track Speed Skating Women's 500 metres,8
CHN,Boxing Women's Middleweight,2
CHN,Judo Women's Half-Middleweight,3
CHN,Tennis Women's Doubles,4
CHN,Swimming Women's 400 metres Individual Medley,3
CHN,Athletics Women's Discus Throw,1
CHN,Judo Women's Half-Lightweight,4
CHN,Swimming Women's 200 metres Individual Medley,3
CHN,Weightlifting Women's Light-Heavyweight,4
CHN,Athletics Women's 20 kilometres Walk,4
CHN,Swimming Women's 100 metres Butterfly,4
CHN,Judo Women's Half-Heavyweight,3
CHN,Gymnastics Women's Individual All-Around,3
CHN,Curling Women's Curling,4
CHN,"Fencing Women's Foil, Individual",2
CHN,Taekwondo Women's Welterweight,1
CHN,Swimming Women's 100 metres Breaststroke,1
CHN,Swimming Women's 200 metres Freestyle,1
CHN,Figure Skating Mixed Pairs,5
CHN,Judo Women's Middleweight,2
CHN,"Athletics Women's 1,500 metres",1
CHN,Boxing Women's Flyweight,2
CHN,Speed Skating Women's 500 metres,4
CHN,"Short Track Speed Skating Women's 3,000 metres Relay",12
CHN,Judo Women's Heavyweight,7
CHN,"Wrestling Women's Flyweight, Freestyle",1
CHN,"Fencing Women's epee, Individual",2
CHN,"Fencing Women's Sabre, Individual",1
CHN,Beach Volleyball Women's Beach Volleyball,4
CHN,"Wrestling Women's Heavyweight, Freestyle",3
CHN,"Athletics Women's 5,000 metres",1
CHN,"Athletics Women's 10,000 metres",2
CHN,"Short Track Speed Skating Women's 1,500 metres",3
CHN,Shooting Women's Skeet,2
CHN,Taekwondo Women's Flyweight,2
CHN,"Wrestling Women's Lightweight, Freestyle",1
CHN,Sailing Women's One Person Dinghy,2
CHN,Judo Women's Lightweight,1
CHN,Weightlifting Women's Featherweight,1
CHN,"Speed Skating Women's 1,000 metres",3
CHN,Boxing Women's Lightweight,1
CHN,Shooting Mixed Skeet,1
CHN,Athletics Women's Hammer Throw,2
CHN,Athletics Women's Marathon,1
DEN,Handball Women's Handball,45
DEN,Rowing Women's Coxless Pairs,2
DEN,Swimming Women's 100 metres Freestyle,1
DEN,Swimming Women's 4 x 100 metres Freestyle Relay,5
DEN,Curling Women's Curling,5
DEN,Swimming Women's 50 metres Freestyle,1
DEN,Swimming Women's 4 x 100 metres Medley Relay,4
DEN,Athletics Women's Javelin Throw,1
DEN,"Tennis Women's Singles, Covered Courts",1
DEN,Diving Women's Platform,1
DEN,Diving Women's Plain High,1
DEN,Rowing Women's Single Sculls,2
DEN,Rowing Women's Coxed Quadruple Sculls,5
DEN,Swimming Women's 800 metres Freestyle,1
DEN,Sailing Women's Skiff,2
DEN,"Equestrianism Mixed Dressage, Individual",3
DEN,Swimming Women's 400 metres Freestyle,2
DEN,Swimming Women's 100 metres Backstroke,1
DEN,"Fencing Women's Foil, Individual",4
DEN,"Canoeing Women's Kayak Singles, 500 metres",3
DEN,Swimming Women's 200 metres Breaststroke,2
DEN,Sailing Women's Three Person Keelboat,3
DEN,"Equestrianism Mixed Dressage, Team",2
DEN,Badminton Women's Doubles,2
DEN,Sailing Women's One Person Dinghy,3
DEN,Badminton Women's Singles,1
DEN,Swimming Women's 100 metres Breaststroke,1
DEN,Badminton Mixed Doubles,2
DEN,Athletics Women's 400 metres Hurdles,1
NED,Hockey Women's Hockey,128
NED,Rowing Women's Coxed Eights,45
NED,Rowing Women's Quadruple Sculls,4
NED,Gymnastics Women's Team All-Around,10
NED,"Speed Skating Women's 1,500 metres",13
NED,"Speed Skating Women's 3,000 metres",9
NED,Swimming Women's 200 metres Breaststroke,2
NED,"Equestrianism Mixed Dressage, Team",14
NED,Sailing Women's Two Person Dinghy,4
NED,Sailing Women's Three Person Keelboat,3
NED,Swimming Women's 4 x 100 metres Freestyle Relay,55
NED,Swimming Women's 4 x 100 metres Medley Relay,5
NED,Athletics Women's 100 metres,1
NED,Athletics Women's 200 metres,3
NED,Athletics Women's 80 metres Hurdles,1
NED,Athletics Women's 4 x 100 metres Relay,4
NED,Speed Skating Women's 500 metres,1
NED,"Speed Skating Women's 1,000 metres",8
NED,Tennis Women's Doubles,2
NED,Judo Women's Middleweight,4
NED,Tennis Mixed Doubles,1
NED,Sailing Women's One Person Dinghy,4
NED,Swimming Women's 100 metres Freestyle,9
NED,Swimming Women's 200 metres Freestyle,2
NED,Water Polo Women's Water Polo,12
NED,"Equestrianism Mixed Dressage, Individual",5
NED,"Canoeing Women's Kayak Doubles, 500 metres",2
NED,Swimming Women's 50 metres Freestyle,4
NED,Swimming Women's 100 metres Butterfly,4
NED,Judo Women's Half-Heavyweight,1
NED,Figure Skating Women's Singles,3
NED,Swimming Women's 100 metres Backstroke,5
NED,Swimming Women's 200 metres Backstroke,1
NED,Sailing Women's Windsurfer,1
NED,"Canoeing Women's Kayak Singles, 500 metres",3
NED,Rowing Women's Double Sculls,6
NED,Boxing Women's Middleweight,1
NED,Judo Women's Half-Middleweight,3
NED,Athletics Women's High Jump,1
NED,Athletics Women's 800 metres,2
NED,Judo Women's Lightweight,2
NED,Cycling Women's Sprint,2
NED,Cycling Women's Points Race,3
NED,Rowing Women's Lightweight Double Sculls,6
NED,"Speed Skating Women's 5,000 metres",4
NED,"Cycling Women's Road Race, Individual",5
NED,Swimming Women's 200 metres Butterfly,1
NED,Swimming Women's 400 metres Freestyle,4
NED,Speed Skating Women's Team Pursuit (6 laps),4
NED,Cycling Women's Keirin,1
NED,Badminton Women's Singles,1
NED,Snowboarding Women's Parallel Giant Slalom,1
NED,"Art Competitions Mixed Literature, Epic Works",1
NED,Cycling Women's BMX,1
NED,Athletics Women's Discus Throw,1
NED,Cycling Women's Individual Time Trial,3
NED,Swimming Women's 10 kilometres Open Water,1
NED,Swimming Women's 100 metres Breaststroke,1
NED,Swimming Women's 800 metres Freestyle,1
NED,Gymnastics Women's Balance Beam,1
NED,"Cycling Women's Individual Pursuit, 3,000 metres",2
USA,Golf Women's Individual,3
USA,Softball Women's Softball,60
USA,Taekwondo Women's Featherweight,2
USA,Volleyball Women's Volleyball,60
USA,Swimming Women's 4 x 100 metres Freestyle Relay,126
USA,Swimming Women's 100 metres Butterfly,18
USA,Swimming Women's 4 x 100 metres Medley Relay,108
USA,Football Women's Football,79
USA,Athletics Women's 4 x 100 metres Relay,66
USA,"Fencing Women's Sabre, Team",7
USA,Figure Skating Women's Singles,23
USA,Athletics Women's 100 metres Hurdles,12
USA,Hockey Women's Hockey,16
USA,Swimming Women's 4 x 200 metres Freestyle Relay,40
USA,Athletics Women's 4 x 400 metres Relay,58
USA,Swimming Women's 10 kilometres Open Water,1
USA,Snowboarding Women's Slopestyle,1
USA,Swimming Women's 100 metres Backstroke,23
USA,Water Polo Women's Water Polo,63
USA,Alpine Skiing Women's Giant Slalom,7
USA,Cycling Women's Individual Time Trial,5
USA,Athletics Women's 100 metres,18
USA,Speed Skating Women's 500 metres,10
USA,Swimming Women's 200 metres Backstroke,10
USA,Basketball Women's Basketball,119
USA,Swimming Women's 100 metres Freestyle,28
USA,Swimming Women's 200 metres Freestyle,11
USA,Swimming Women's 400 metres Freestyle,28
USA,Swimming Women's 800 metres Freestyle,15
USA,Synchronized Swimming Women's Solo,3
USA,Freestyle Skiing Women's Moguls,6
USA,Ice Hockey Women's Ice Hockey,101
USA,Gymnastics Women's Team All-Around,55
USA,Bobsleigh Women's Two,10
USA,Athletics Women's High Jump,8
USA,"Athletics Women's 1,500 metres",1
USA,Synchronized Swimming Women's Duet,8
USA,Synchronized Swimming Women's Team,19
USA,Athletics Women's 400 metres Hurdles,9
USA,Cycling Women's Team Pursuit,8
USA,"Short Track Speed Skating Women's 3,000 metres Relay",13
USA,Swimming Women's 100 metres Breaststroke,9
USA,Swimming Women's 200 metres Breaststroke,12
USA,Swimming Women's 200 metres Individual Medley,12
USA,Rowing Women's Coxed Eights,54
USA,Sailing Women's One Person Dinghy,3
USA,Diving Women's Springboard,33
USA,Diving Women's Plain High,2
USA,Diving Women's Platform,26
USA,Swimming Women's 400 metres Individual Medley,13
USA,Figure Skating Mixed Ice Dancing,4
USA,Rowing Women's Lightweight Double Sculls,4
USA,Athletics Women's Marathon,2
USA,"Shooting Women's Small-Bore Rifle, Three Positions, 50 metres",3
USA,Gymnastics Women's Individual All-Around,8
USA,Gymnastics Women's Floor Exercise,9
USA,Gymnastics Women's Horse Vault,4
USA,Gymnastics Women's Balance Beam,10
USA,"Equestrianism Mixed Three-Day Event, Team",12
USA,"Speed Skating Women's 1,000 metres",11
USA,Swimming Women's 300 metres Freestyle,3
USA,Snowboarding Women's Halfpipe,8
USA,"Equestrianism Mixed Dressage, Team",13
USA,Athletics Women's 200 metres,12
USA,Freestyle Skiing Women's Halfpipe,1
USA,Athletics Women's 400 metres,7
USA,Athletics Women's Shot Put,2
USA,Athletics Women's Discus Throw,5
USA,Diving Women's Synchronized Springboard,2
USA,"Equestrianism Mixed Jumping, Team",12
USA,Tennis Women's Singles,9
USA,"Cycling Women's Road Race, Individual",2
USA,Figure Skating Mixed Pairs,6
USA,Figure Skating Mixed Team,4
USA,"Canoeing Women's Kayak Singles, Slalom",3
USA,Gymnastics Women's Uneven Bars,8
USA,"Wrestling Women's Flyweight, Freestyle",2
USA,"Athletics Women's 3,000 metres Steeplechase",1
USA,Alpine Skiing Women's Slalom,6
USA,Shooting Women's Trap,2
USA,Swimming Women's 200 metres Butterfly,8
USA,Archery Women's Double Columbia Round,3
USA,Archery Women's Double National Round,3
USA,Alpine Skiing Women's Downhill,7
USA,"Fencing Women's Foil, Team",3
USA,Rowing Women's Quadruple Sculls,4
USA,Athletics Women's Long Jump,9
USA,"Cycling Women's Mountainbike, Cross-Country",2
USA,Modern Pentathlon Women's Individual,1
USA,Athletics Women's 80 metres Hurdles,2
USA,Athletics Women's Javelin Throw,3
USA,Rowing Women's Coxless Fours,4
USA,Athletics Women's Pole Vault,4
USA,Boxing Women's Flyweight,1
USA,Tennis Women's Doubles,14
USA,"Athletics Women's 10,000 metres",2
USA,Snowboarding Women's Parallel Giant Slalom,1
USA,Athletics Women's Heptathlon,4
USA,"Canoeing Women's Kayak Doubles, 500 metres",2
USA,"Shooting Women's Sporting Pistol, 25 metres",1
USA,Alpine Skiing Women's Combined,3
USA,Skeleton Women's Skeleton,3
USA,Athletics Women's 800 metres,3
USA,Taekwondo Women's Heavyweight,1
USA,Rowing Women's Single Sculls,5
USA,Rowing Women's Coxed Quadruple Sculls,5
USA,Sailing Women's Two Person Dinghy,6
USA,Luge Women's Singles,1
USA,Cycling Women's Omnium,2
USA,Judo Women's Half-Heavyweight,2
USA,Weightlifting Women's Super-Heavyweight,2
USA,"Speed Skating Women's 3,000 metres",2
USA,"Speed Skating Women's 1,500 metres",4
USA,Archery Women's Team Round,4
USA,"Fencing Women's epee, Team",4
USA,Snowboarding Women's Boardercross,1
USA,"Fencing Women's Sabre, Individual",5
USA,Tennis Mixed Doubles,6
USA,"Canoeing Women's Kayak Singles, 500 metres",1
USA,Triathlon Women's Olympic Distance,2
USA,Beach Volleyball Women's Beach Volleyball,12
USA,Alpine Skiing Women's Super G,3
USA,Cycling Women's BMX,2
USA,Rowing Women's Coxless Pairs,6
USA,Freestyle Skiing Women's Slopestyle,1
USA,"Equestrianism Mixed Jumping, Individual",1
USA,Judo Women's Lightweight,1
USA,Swimming Women's 50 metres Freestyle,6
USA,"Wrestling Women's Featherweight, Freestyle",1
USA,"Wrestling Women's Middleweight, Freestyle",2
USA,Taekwondo Women's Welterweight,1
USA,"Equestrianism Mixed Three-Day Event, Individual",4
USA,"Art Competitions Mixed Painting, Paintings",1
USA,"Shooting Mixed Small-Bore Rifle, Three Positions, 50 metres",1
USA,"Shooting Women's Air Rifle, 10 metres",3
USA,Weightlifting Women's Flyweight,1
USA,Archery Women's Team,3
USA,Cycling Women's Sprint,1
USA,Short Track Speed Skating Women's 500 metres,3
USA,"Short Track Speed Skating Women's 1,000 metres",1
USA,Shooting Women's Double Trap,3
USA,Shooting Women's Skeet,3
USA,Judo Women's Middleweight,1
USA,Archery Women's Individual,2
USA,Boxing Women's Middleweight,2
USA,Freestyle Skiing Women's Aerials,1
USA,"Cycling Women's Individual Pursuit, 3,000 metres",1
USA,Sailing Mixed 6 metres,1
FIN,Ice Hockey Women's Ice Hockey,39
FIN,Cross Country Skiing Women's 10 kilometres,9
FIN,Cross Country Skiing Women's 3 x 5 kilometres Relay,12
FIN,"Speed Skating Women's 3,000 metres",2
FIN,Cross Country Skiing Women's 4 x 5 kilometres Relay,20
FIN,Figure Skating Mixed Pairs,2
FIN,Cross Country Skiing Women's 5 kilometres,8
FIN,Sailing Women's Three Person Keelboat,3
FIN,Cross Country Skiing Women's 20 kilometres,1
FIN,Cross Country Skiing Women's 30 kilometres,2
FIN,Cross Country Skiing Women's Team Sprint,4
FIN,Athletics Women's Javelin Throw,3
FIN,Shooting Women's Trap,1
FIN,Archery Women's Individual,1
FIN,"Speed Skating Women's 1,000 metres",1
FIN,"Speed Skating Women's 1,500 metres",2
FIN,Rowing Women's Lightweight Double Sculls,2
FIN,Sailing Women's Windsurfer,1
FIN,Boxing Women's Lightweight,1
FIN,Alpine Skiing Women's Giant Slalom,1
FIN,Cross Country Skiing Women's 15 kilometres,1
FIN,Snowboarding Women's Slopestyle,1
FIN,"Canoeing Women's Kayak Singles, 500 metres",1
FIN,"Art Competitions Mixed Literature, Lyric Works",1
NOR,Handball Women's Handball,85
NOR,Football Women's Football,33
NOR,Sailing Women's One Person Dinghy,2
NOR,Athletics Women's Marathon,1
NOR,Biathlon Women's 4 x 7.5 kilometres Relay,8
NOR,Cross Country Skiing Women's 10 kilometres,8
NOR,Cross Country Skiing Women's 3 x 5 kilometres Relay,6
NOR,Cross Country Skiing Women's 4 x 5 kilometres Relay,32
NOR,Cross Country Skiing Women's 5 kilometres,2
NOR,Biathlon Women's 15 kilometres,2
NOR,Biathlon Mixed 2 x 6 kilometres and 2 x 7.5 kilometres Relay,2
NOR,Biathlon Women's 10 kilometres Pursuit,1
NOR,Biathlon Women's 4 x 6 kilometres Relay,4
NOR,Freestyle Skiing Women's Ski Cross,1
NOR,Tennis Women's Singles,1
NOR,Cross Country Skiing Women's Sprint,4
NOR,Cross Country Skiing Women's 30 kilometres,6
NOR,Cross Country Skiing Women's 15 km Skiathlon,3
NOR,Cross Country Skiing Women's Team Sprint,2
NOR,Figure Skating Mixed Pairs,1
NOR,Snowboarding Women's Halfpipe,2
NOR,"Cycling Women's Mountainbike, Cross-Country",1
NOR,Biathlon Women's 12.5 kilometres Mass Start,1
NOR,Taekwondo Women's Welterweight,1
NOR,Freestyle Skiing Women's Moguls,5
NOR,Figure Skating Women's Singles,3
NOR,Cross Country Skiing Women's 20 kilometres,1
NOR,"Speed Skating Women's 3,000 metres",2
NOR,Freestyle Skiing Women's Aerials,1
NOR,Sailing Mixed 5.5 metres,1
NOR,Cross Country Skiing Women's 15 kilometres,1
NOR,Alpine Skiing Women's Combined,1
NOR,Swimming Women's 200 metres Breaststroke,1
NOR,Athletics Women's Javelin Throw,2
NOR,Taekwondo Women's Heavyweight,1
NOR,Athletics Women's 20 kilometres Walk,2
ROU,Gymnastics Women's Team All-Around,71
ROU,Rowing Women's Coxed Quadruple Sculls,10
ROU,Gymnastics Women's Horse Vault,11
ROU,Gymnastics Women's Individual All-Around,11
ROU,Gymnastics Women's Floor Exercise,13
ROU,Rowing Women's Coxed Fours,12
ROU,Rowing Women's Coxed Eights,83
ROU,Rowing Women's Coxless Pairs,10
ROU,Athletics Women's High Jump,4
ROU,Rowing Women's Quadruple Sculls,9
ROU,"Athletics Women's 1,500 metres",7
ROU,Athletics Women's 800 metres,3
ROU,"Fencing Women's epee, Individual",1
ROU,"Fencing Women's epee, Team",4
ROU,Athletics Women's 100 metres Hurdles,1
ROU,Judo Women's Lightweight,1
ROU,"Fencing Women's Foil, Team",22
ROU,"Fencing Women's Foil, Individual",3
ROU,Swimming Women's 200 metres Individual Medley,2
ROU,Swimming Women's 400 metres Individual Medley,2
ROU,Weightlifting Women's Light-Heavyweight,1
ROU,Rowing Women's Double Sculls,9
ROU,Athletics Women's 400 metres Hurdles,2
ROU,Gymnastics Women's Uneven Bars,5
ROU,Gymnastics Women's Balance Beam,10
ROU,Athletics Women's Marathon,2
ROU,"Equestrianism Mixed Dressage, Team",1
ROU,Judo Women's Extra-Lightweight,2
ROU,"Canoeing Women's Kayak Singles, 500 metres",2
ROU,"Canoeing Women's Kayak Doubles, 500 metres",4
ROU,Athletics Women's Long Jump,3
ROU,"Canoeing Women's Kayak Fours, 500 metres",8
ROU,"Athletics Women's 3,000 metres",2
ROU,Athletics Women's Shot Put,1
ROU,Rowing Women's Lightweight Double Sculls,6
ROU,Athletics Women's Discus Throw,5
ROU,Swimming Women's 100 metres Backstroke,1
ROU,Swimming Women's 200 metres Backstroke,2
ROU,Rowing Women's Single Sculls,3
ROU,Athletics Women's Javelin Throw,2
ROU,Swimming Women's 200 metres Freestyle,1
ROU,Judo Women's Half-Heavyweight,1
ROU,Rhythmic Gymnastics Women's Individual,1
ROU,"Athletics Women's 5,000 metres",1
EST,Cycling Women's Sprint,1
EST,Cross Country Skiing Women's 10 kilometres,2
EST,Cross Country Skiing Women's 15 km Skiathlon,1
FRA,Judo Women's Half-Middleweight,5
FRA,Judo Women's Heavyweight,3
FRA,Figure Skating Mixed Ice Dancing,3
FRA,Snowboarding Women's Boardercross,2
FRA,Archery Women's Team,3
FRA,Athletics Women's 4 x 100 metres Relay,4
FRA,Handball Women's Handball,16
FRA,Biathlon Women's 4 x 6 kilometres Relay,8
FRA,Cycling Women's Sprint,2
FRA,Cycling Women's 500 metres Time Trial,1
FRA,Swimming Women's 4 x 200 metres Freestyle Relay,6
FRA,"Canoeing Women's Kayak Singles, Slalom",4
FRA,"Fencing Women's epee, Individual",5
FRA,"Fencing Women's epee, Team",7
FRA,Taekwondo Women's Heavyweight,2
FRA,Biathlon Women's 7.5 kilometres Sprint,2
FRA,Basketball Women's Basketball,12
FRA,Athletics Women's 400 metres,3
FRA,Snowboarding Women's Parallel Giant Slalom,2
FRA,"Fencing Women's Foil, Team",15
FRA,"Cycling Women's Mountainbike, Cross-Country",1
FRA,Biathlon Women's 3 x 7.5 kilometres Relay,3
FRA,Biathlon Women's 15 kilometres,1
FRA,Biathlon Women's 4 x 7.5 kilometres Relay,4
FRA,Tennis Women's Singles,5
FRA,Tennis Mixed Doubles,4
FRA,Art Competitions Mixed Painting,1
FRA,Biathlon Women's 10 kilometres Pursuit,1
FRA,Figure Skating Mixed Pairs,3
FRA,Swimming Women's 100 metres Backstroke,2
FRA,Athletics Women's 100 metres Hurdles,2
FRA,Cycling Women's BMX,2
FRA,"Cycling Women's Individual Pursuit, 3,000 metres",2
FRA,Modern Pentathlon Women's Individual,1
FRA,Rowing Women's Coxless Pairs,2
FRA,Tennis Women's Doubles,2
FRA,Alpine Skiing Women's Slalom,8
FRA,Alpine Skiing Women's Giant Slalom,6
FRA,Judo Women's Middleweight,1
FRA,Synchronized Swimming Women's Duet,2
FRA,Sailing Women's Two Person Dinghy,2
FRA,"Canoeing Women's Kayak Doubles, 500 metres",2
FRA,Figure Skating Women's Singles,1
FRA,Athletics Women's 800 metres,1
FRA,Taekwondo Women's Welterweight,2
FRA,Cycling Women's Points Race,1
FRA,Swimming Women's 200 metres Freestyle,2
FRA,"Fencing Women's Foil, Individual",2
FRA,Judo Women's Half-Lightweight,2
FRA,"Shooting Women's Air Pistol, 10 metres",1
FRA,"Wrestling Women's Lightweight, Freestyle",1
FRA,Taekwondo Women's Featherweight,1
FRA,Sailing Mixed 8 metres,1
FRA,Freestyle Skiing Women's Ski Cross,1
FRA,Judo Women's Extra-Lightweight,2
FRA,Freestyle Skiing Women's Moguls,1
FRA,Gymnastics Women's Uneven Bars,1
FRA,Judo Women's Half-Heavyweight,5
FRA,"Equestrianism Mixed Jumping, Individual",1
FRA,"Equestrianism Mixed Jumping, Team",3
FRA,"Wrestling Women's Middleweight, Freestyle",1
FRA,"Cycling Women's Road Race, Individual",2
FRA,Cycling Women's Individual Time Trial,2
FRA,Swimming Women's 400 metres Freestyle,2
FRA,Swimming Women's 800 metres Freestyle,1
FRA,Swimming Women's 200 metres Backstroke,1
FRA,Freestyle Skiing Women's Halfpipe,1
FRA,Alpine Skiing Women's Combined,1
FRA,Alpine Skiing Women's Downhill,3
FRA,"Ski Jumping Women's Normal Hill, Individual",1
FRA,Athletics Women's Discus Throw,3
FRA,Alpine Skiing Women's Super G,1
FRA,Sailing Women's Windsurfer,2
FRA,Swimming Women's 50 metres Freestyle,1
FRA,Diving Women's Springboard,1
FRA,Boxing Women's Lightweight,1
FRA,Athletics Women's High Jump,1
FRA,Athletics Women's Shot Put,1
FRA,"Equestrianism Mixed Dressage, Individual",1
FRA,Boxing Women's Flyweight,1
FRA,Judo Women's Lightweight,1
FRA,Athletics Women's 200 metres,1
FRA,Swimming Women's 100 metres Freestyle,1
FRA,Swimming Women's 100 metres Butterfly,1
FRA,Swimming Women's 100 metres Breaststroke,1
FRA,Shooting Women's Trap,2
FRA,Snowboarding Women's Giant Slalom,1
FRA,Snowboarding Women's Halfpipe,1
MAR,Athletics Women's 800 metres,2
MAR,Athletics Women's 400 metres Hurdles,2
ESP,Handball Women's Handball,15
ESP,Rhythmic Gymnastics Women's Group,11
ESP,Sailing Women's Windsurfer,1
ESP,Sailing Women's Two Person Dinghy,6
ESP,Water Polo Women's Water Polo,12
ESP,Hockey Women's Hockey,15
ESP,Synchronized Swimming Women's Team,16
ESP,Athletics Women's High Jump,1
ESP,Swimming Women's 800 metres Freestyle,1
ESP,Swimming Women's 200 metres Butterfly,2
ESP,Swimming Women's 400 metres Individual Medley,1
ESP,Judo Women's Lightweight,3
ESP,Taekwondo Women's Featherweight,1
ESP,Synchronized Swimming Women's Duet,4
ESP,"Canoeing Women's Kayak Singles, Slalom",2
ESP,Basketball Women's Basketball,12
ESP,Sailing Women's Three Person Keelboat,3
ESP,Alpine Skiing Women's Slalom,1
ESP,"Equestrianism Mixed Dressage, Individual",1
ESP,"Equestrianism Mixed Dressage, Team",1
ESP,"Cycling Women's Mountainbike, Cross-Country",1
ESP,Badminton Women's Singles,1
ESP,Tennis Women's Doubles,8
ESP,Gymnastics Women's Floor Exercise,1
ESP,Judo Women's Half-Lightweight,1
ESP,Cycling Women's Points Race,1
ESP,Rhythmic Gymnastics Women's Individual,1
ESP,Shooting Women's Trap,1
ESP,Tennis Women's Singles,2
ESP,Judo Women's Extra-Lightweight,1
ESP,"Wrestling Women's Heavyweight, Freestyle",1
ESP,Weightlifting Women's Heavyweight,1
ESP,Athletics Women's 20 kilometres Walk,1
ESP,Sailing Women's One Person Dinghy,1
ESP,Taekwondo Women's Flyweight,1
ESP,Swimming Women's 100 metres Backstroke,1
EGY,Taekwondo Women's Featherweight,1
EGY,Weightlifting Women's Light-Heavyweight,1
IRI,Taekwondo Women's Featherweight,1
BUL,Rowing Women's Coxed Quadruple Sculls,5
BUL,Rowing Women's Coxless Pairs,6
BUL,Athletics Women's High Jump,5
BUL,Basketball Women's Basketball,24
BUL,Swimming Women's 100 metres Breaststroke,2
BUL,Volleyball Women's Volleyball,10
BUL,Biathlon Women's 15 kilometres,1
BUL,Rhythmic Gymnastics Women's Group,17
BUL,Athletics Women's 100 metres Hurdles,2
BUL,Gymnastics Women's Floor Exercise,1
BUL,Rhythmic Gymnastics Women's Individual,1
BUL,Rowing Women's Single Sculls,4
BUL,Rowing Women's Coxed Fours,10
BUL,Swimming Women's 200 metres Breaststroke,1
BUL,"Canoeing Women's Kayak Singles, 500 metres",2
BUL,"Canoeing Women's Kayak Doubles, 500 metres",2
BUL,"Canoeing Women's Kayak Fours, 500 metres",4
BUL,"Shooting Women's Air Pistol, 10 metres",3
BUL,"Shooting Women's Sporting Pistol, 25 metres",3
BUL,Athletics Women's Shot Put,2
BUL,Athletics Women's Discus Throw,5
BUL,"Shooting Women's Small-Bore Rifle, Three Positions, 50 metres",2
BUL,"Shooting Women's Air Rifle, 10 metres",1
BUL,Rowing Women's Double Sculls,4
BUL,Tennis Women's Singles,1
BUL,Athletics Women's Triple Jump,1
BUL,Biathlon Women's 10 kilometres Pursuit,1
BUL,Short Track Speed Skating Women's 500 metres,2
BUL,"Short Track Speed Skating Women's 1,500 metres",1
BUL,Athletics Women's 800 metres,1
BUL,"Wrestling Women's Flyweight, Freestyle",1
BUL,Athletics Women's Long Jump,1
BUL,"Wrestling Women's Heavyweight, Freestyle",2
ITA,Water Polo Women's Water Polo,26
ITA,Gymnastics Women's Team All-Around,12
ITA,Shooting Women's Skeet,3
ITA,"Cycling Women's Individual Pursuit, 3,000 metres",1
ITA,Cycling Women's Points Race,1
ITA,Cross Country Skiing Women's 30 kilometres,5
ITA,Cross Country Skiing Women's 5/10 kilometres Pursuit,3
ITA,Cross Country Skiing Women's 4 x 5 kilometres Relay,16
ITA,Cross Country Skiing Women's 10 kilometres,1
ITA,Cross Country Skiing Women's 15 kilometres,2
ITA,"Fencing Women's Foil, Team",29
ITA,Rhythmic Gymnastics Women's Group,12
ITA,"Athletics Women's 5,000 metres",1
ITA,Swimming Women's 10 kilometres Open Water,2
ITA,Diving Women's Springboard,1
ITA,Diving Women's Synchronized Springboard,2
ITA,Swimming Women's 400 metres Freestyle,1
ITA,Swimming Women's 800 metres Freestyle,2
ITA,Swimming Women's 400 metres Individual Medley,1
ITA,"Fencing Women's Foil, Individual",18
ITA,"Short Track Speed Skating Women's 3,000 metres Relay",8
ITA,"Equestrianism Mixed Three-Day Event, Team",2
ITA,Alpine Skiing Women's Super G,4
ITA,Alpine Skiing Women's Downhill,3
ITA,Alpine Skiing Women's Giant Slalom,3
ITA,"Cycling Women's Road Race, Individual",3
ITA,"Fencing Women's epee, Team",3
ITA,Alpine Skiing Women's Slalom,3
ITA,Athletics Women's Discus Throw,1
ITA,Cross Country Skiing Women's 5 kilometres,1
ITA,"Athletics Women's 1,500 metres",2
ITA,"Fencing Women's epee, Individual",1
ITA,Short Track Speed Skating Women's 500 metres,2
ITA,"Short Track Speed Skating Women's 1,500 metres",1
ITA,Judo Women's Half-Lightweight,2
ITA,Figure Skating Mixed Ice Dancing,1
ITA,Shooting Women's Double Trap,1
ITA,"Shooting Women's Air Rifle, 10 metres",1
ITA,"Canoeing Women's Kayak Singles, 500 metres",4
ITA,Bobsleigh Women's Two,2
ITA,Figure Skating Women's Singles,1
ITA,Luge Women's Singles,2
ITA,Athletics Women's 100 metres,1
ITA,Athletics Women's Long Jump,2
ITA,Judo Women's Half-Heavyweight,3
ITA,Biathlon Mixed 2 x 6 kilometres and 2 x 7.5 kilometres Relay,2
ITA,Swimming Women's 200 metres Freestyle,2
ITA,Athletics Women's 10 kilometres Walk,1
ITA,"Cycling Women's Mountainbike, Cross-Country",2
ITA,Athletics Women's Shot Put,1
ITA,Judo Women's Middleweight,2
ITA,Judo Women's Lightweight,1
ITA,Athletics Women's 20 kilometres Walk,1
ITA,Shooting Women's Trap,1
ITA,Sailing Women's Windsurfer,4
ITA,Athletics Women's High Jump,3
ITA,Snowboarding Women's Parallel Giant Slalom,1
ITA,"Shooting Women's Small-Bore Rifle, Three Positions, 50 metres",1
ITA,Athletics Women's 80 metres Hurdles,1
AZE,Taekwondo Women's Flyweight,1
AZE,"Shooting Women's Sporting Pistol, 25 metres",1
AZE,Shooting Women's Skeet,2
AZE,"Canoeing Women's Kayak Singles, 200 metres",1
AZE,"Wrestling Women's Lightweight, Freestyle",1
AZE,"Wrestling Women's Featherweight, Freestyle",1
AZE,"Wrestling Women's Flyweight, Freestyle",3
RUS,Athletics Women's Javelin Throw,1
RUS,Cycling Women's Sprint,2
RUS,Speed Skating Women's Team Pursuit (6 laps),9
RUS,Basketball Women's Basketball,24
RUS,Gymnastics Women's Team All-Around,29
RUS,Biathlon Women's 4 x 7.5 kilometres Relay,12
RUS,Biathlon Women's 10 kilometres Pursuit,2
RUS,Biathlon Women's 15 kilometres,2
RUS,Biathlon Women's 4 x 6 kilometres Relay,12
RUS,Water Polo Women's Water Polo,26
RUS,Rhythmic Gymnastics Women's Group,35
RUS,Handball Women's Handball,29
RUS,Athletics Women's 400 metres,1
RUS,Athletics Women's 4 x 400 metres Relay,24
RUS,Athletics Women's 400 metres Hurdles,2
RUS,Volleyball Women's Volleyball,22
RUS,Synchronized Swimming Women's Team,44
RUS,"Fencing Women's epee, Team",15
RUS,Cross Country Skiing Women's 4 x 5 kilometres Relay,12
RUS,Rhythmic Gymnastics Women's Individual,10
RUS,Taekwondo Women's Heavyweight,2
RUS,"Shooting Women's Air Pistol, 10 metres",4
RUS,"Speed Skating Women's 3,000 metres",2
RUS,Boxing Women's Lightweight,2
RUS,Figure Skating Mixed Pairs,8
RUS,Figure Skating Mixed Team,5
RUS,Speed Skating Women's 500 metres,2
RUS,"Fencing Women's Foil, Team",8
RUS,Judo Women's Extra-Lightweight,1
RUS,Synchronized Swimming Women's Duet,10
RUS,"Wrestling Women's Heavyweight, Freestyle",3
RUS,Cross Country Skiing Women's 30 kilometres,3
RUS,Cross Country Skiing Women's Sprint,2
RUS,Cross Country Skiing Women's 10 kilometres,1
RUS,Cross Country Skiing Women's 15 kilometres,5
RUS,Athletics Women's 4 x 100 metres Relay,8
RUS,Athletics Women's Heptathlon,3
RUS,Athletics Women's High Jump,5
RUS,Cross Country Skiing Women's 5/10 kilometres Pursuit,3
RUS,Archery Women's Team,3
RUS,Tennis Women's Singles,5
RUS,"Fencing Women's Foil, Individual",1
RUS,"Shooting Women's Sporting Pistol, 25 metres",1
RUS,Figure Skating Mixed Ice Dancing,8
RUS,Judo Women's Heavyweight,1
RUS,Rowing Women's Quadruple Sculls,4
RUS,"Fencing Women's Sabre, Team",4
RUS,Shooting Women's Skeet,1
RUS,Sailing Women's Windsurfer,1
RUS,"Speed Skating Women's 1,500 metres",1
RUS,"Shooting Women's Small-Bore Rifle, Three Positions, 50 metres",4
RUS,Athletics Women's Pole Vault,5
RUS,"Shooting Women's Air Rifle, 10 metres",2
RUS,Alpine Skiing Women's Super G,1
RUS,Diving Women's Synchronized Platform,2
RUS,Swimming Women's 10 kilometres Open Water,1
RUS,Diving Women's Synchronized Springboard,6
RUS,Snowboarding Women's Parallel Giant Slalom,2
RUS,Athletics Women's 20 kilometres Walk,4
RUS,Luge Mixed Team Relay,1
RUS,"Cycling Women's Mountainbike, Cross-Country",1
RUS,Trampolining Women's Individual,1
RUS,"Wrestling Women's Middleweight, Freestyle",2
RUS,Weightlifting Women's Light-Heavyweight,2
RUS,Weightlifting Women's Super-Heavyweight,1
RUS,Cross Country Skiing Women's Team Sprint,2
RUS,Gymnastics Women's Uneven Bars,4
RUS,Gymnastics Women's Floor Exercise,3
RUS,Gymnastics Women's Individual All-Around,4
RUS,Athletics Women's Shot Put,3
RUS,Tennis Women's Doubles,4
RUS,Swimming Women's 200 metres Backstroke,2
RUS,Athletics Women's Long Jump,6
RUS,Freestyle Skiing Women's Moguls,1
RUS,Biathlon Women's 7.5 kilometres Sprint,2
RUS,Athletics Women's Hammer Throw,3
RUS,Judo Women's Half-Lightweight,1
RUS,Diving Women's Springboard,3
RUS,Athletics Women's Triple Jump,4
RUS,Cross Country Skiing Women's 5 kilometres,2
RUS,Gymnastics Women's Horse Vault,5
RUS,Gymnastics Women's Balance Beam,2
RUS,Athletics Women's 800 metres,3
RUS,"Athletics Women's 1,500 metres",2
RUS,Cross Country Skiing Women's 15 km Skiathlon,1
RUS,Skeleton Women's Skeleton,1
RUS,Athletics Women's 10 kilometres Walk,1
RUS,Athletics Women's Marathon,2
RUS,Athletics Women's Discus Throw,3
RUS,Weightlifting Women's Middleweight,2
RUS,Weightlifting Women's Heavyweight,4
RUS,"Athletics Women's 3,000 metres Steeplechase",3
RUS,Weightlifting Women's Lightweight,1
RUS,Cycling Women's Team Sprint,2
RUS,Figure Skating Women's Singles,3
RUS,Cycling Women's Points Race,2
RUS,"Cycling Women's Road Race, Individual",2
RUS,Badminton Women's Doubles,2
RUS,Boxing Women's Middleweight,1
RUS,"Fencing Women's Sabre, Individual",3
RUS,"Wrestling Women's Light-Heavyweight, Freestyle",1
RUS,Swimming Women's 200 metres Breaststroke,2
RUS,Swimming Women's 100 metres Breaststroke,1
RUS,Cycling Women's Individual Time Trial,3
RUS,Biathlon Women's 12.5 kilometres Mass Start,1
RUS,"Wrestling Women's Lightweight, Freestyle",1
ARG,Hockey Women's Hockey,63
ARG,Sailing Women's One Person Dinghy,1
ARG,Swimming Women's 400 metres Individual Medley,1
ARG,Swimming Women's 100 metres Freestyle,1
ARG,Sailing Mixed Multihull,1
ARG,Judo Women's Extra-Lightweight,2
ARG,Tennis Women's Singles,1
ARG,Athletics Women's Long Jump,1
ARG,Tennis Women's Doubles,2
CUB,Volleyball Women's Volleyball,40
CUB,Athletics Women's Discus Throw,3
CUB,Judo Women's Heavyweight,7
CUB,Judo Women's Extra-Lightweight,3
CUB,Judo Women's Half-Lightweight,4
CUB,Judo Women's Half-Heavyweight,3
CUB,Athletics Women's 100 metres,1
CUB,Athletics Women's 4 x 100 metres Relay,8
CUB,Athletics Women's Javelin Throw,3
CUB,Athletics Women's Hammer Throw,3
CUB,"Shooting Women's Small-Bore Rifle, Three Positions, 50 metres",1
CUB,Athletics Women's Shot Put,1
CUB,Judo Women's Lightweight,4
CUB,Judo Women's Half-Middleweight,1
CUB,Cycling Women's Points Race,1
CUB,Judo Women's Middleweight,3
CUB,Taekwondo Women's Flyweight,3
CUB,Athletics Women's High Jump,1
CUB,Athletics Women's 800 metres,2
CUB,Athletics Women's Pole Vault,1
BLR,Rhythmic Gymnastics Women's Group,18
BLR,Tennis Women's Singles,1
BLR,Tennis Mixed Doubles,1
BLR,Weightlifting Women's Middleweight,2
BLR,Rowing Women's Coxless Pairs,4
BLR,Rhythmic Gymnastics Women's Individual,3
BLR,Rowing Women's Coxed Eights,9
BLR,Biathlon Women's 15 kilometres,3
BLR,Biathlon Women's 10 kilometres Pursuit,1
BLR,Biathlon Women's 12.5 kilometres Mass Start,1
BLR,Swimming Women's 50 metres Freestyle,2
BLR,Swimming Women's 100 metres Freestyle,1
BLR,Rowing Women's Single Sculls,4
BLR,Athletics Women's Shot Put,3
BLR,"Canoeing Women's Kayak Fours, 500 metres",8
BLR,Weightlifting Women's Heavyweight,2
BLR,"Wrestling Women's Middleweight, Freestyle",1
BLR,Athletics Women's Hammer Throw,1
BLR,"Shooting Women's Sporting Pistol, 25 metres",1
BLR,Athletics Women's 100 metres,1
BLR,Weightlifting Women's Featherweight,1
BLR,Biathlon Women's 7.5 kilometres Sprint,1
BLR,Athletics Women's Heptathlon,2
BLR,Weightlifting Women's Light-Heavyweight,1
BLR,Cycling Women's 500 metres Time Trial,1
BLR,Freestyle Skiing Women's Aerials,1
BLR,Athletics Women's Discus Throw,3
GRE,Rhythmic Gymnastics Women's Group,6
GRE,Water Polo Women's Water Polo,13
GRE,Athletics Women's High Jump,1
GRE,Sailing Women's Two Person Dinghy,2
GRE,Sailing Women's Three Person Keelboat,3
GRE,Athletics Women's Triple Jump,2
GRE,Rowing Women's Lightweight Double Sculls,2
GRE,Athletics Women's Discus Throw,2
GRE,Athletics Women's 400 metres Hurdles,1
GRE,Weightlifting Women's Middleweight,1
GRE,"Shooting Women's Air Pistol, 10 metres",1
GRE,"Shooting Women's Sporting Pistol, 25 metres",1
GRE,Athletics Women's Javelin Throw,2
GRE,Tennis Women's Singles,3
GRE,Tennis Mixed Doubles,2
GRE,Taekwondo Women's Welterweight,1
GRE,Athletics Women's 100 metres Hurdles,1
GRE,Athletics Women's Pole Vault,1
GRE,Athletics Women's 100 metres,1
GRE,Athletics Women's 20 kilometres Walk,1
CMR,Athletics Women's Triple Jump,2
TUR,"Athletics Women's 5,000 metres",1
TUR,Taekwondo Women's Featherweight,2
TUR,"Athletics Women's 1,500 metres",2
TUR,Weightlifting Women's Flyweight,2
TUR,Judo Women's Extra-Lightweight,1
TUR,Taekwondo Women's Welterweight,2
CHI,Athletics Women's Javelin Throw,1
MEX,Archery Women's Individual,2
MEX,Diving Women's Synchronized Platform,4
MEX,Taekwondo Women's Heavyweight,3
MEX,Athletics Women's 20 kilometres Walk,1
MEX,Cycling Women's Points Race,1
MEX,Athletics Women's 400 metres,1
MEX,Weightlifting Women's Lightweight,1
MEX,Swimming Women's 800 metres Freestyle,1
MEX,"Fencing Women's Foil, Individual",1
MEX,Taekwondo Women's Featherweight,1
MEX,Diving Women's Springboard,1
URS,Volleyball Women's Volleyball,70
URS,Cross Country Skiing Women's 3 x 5 kilometres Relay,15
URS,Hockey Women's Hockey,16
URS,Athletics Women's 4 x 400 metres Relay,15
URS,Swimming Women's 4 x 100 metres Medley Relay,11
URS,Rowing Women's Coxed Quadruple Sculls,11
URS,Rowing Women's Double Sculls,4
URS,Diving Women's Platform,6
URS,Athletics Women's Long Jump,9
URS,Luge Women's Singles,2
URS,Cross Country Skiing Women's 4 x 5 kilometres Relay,12
URS,Handball Women's Handball,42
URS,Athletics Women's 100 metres Hurdles,3
URS,Athletics Women's 4 x 100 metres Relay,16
URS,Rowing Women's Single Sculls,2
URS,Gymnastics Women's Team All-Around,56
URS,Gymnastics Women's Team Portable Apparatus,14
URS,Gymnastics Women's Individual All-Around,18
URS,Gymnastics Women's Floor Exercise,17
URS,Gymnastics Women's Uneven Bars,12
URS,Speed Skating Women's 500 metres,10
URS,"Speed Skating Women's 1,000 metres",8
URS,"Speed Skating Women's 1,500 metres",6
URS,"Speed Skating Women's 3,000 metres",5
URS,Swimming Women's 200 metres Breaststroke,10
URS,Athletics Women's Discus Throw,10
URS,"Athletics Women's 1,500 metres",6
URS,Basketball Women's Basketball,36
URS,Figure Skating Mixed Pairs,12
URS,Figure Skating Mixed Ice Dancing,8
URS,Gymnastics Women's Balance Beam,15
URS,Athletics Women's 200 metres,2
URS,Gymnastics Women's Horse Vault,15
URS,"Athletics Women's 10,000 metres",2
URS,Cross Country Skiing Women's 5 kilometres,10
URS,Cross Country Skiing Women's 10 kilometres,15
URS,Athletics Women's 400 metres,3
URS,Archery Women's Individual,5
URS,Athletics Women's High Jump,6
URS,Athletics Women's Pentathlon,5
URS,Rowing Women's Coxed Fours,11
URS,"Shooting Women's Small-Bore Rifle, Three Positions, 50 metres",1
URS,Athletics Women's Shot Put,12
URS,Athletics Women's Javelin Throw,8
URS,Sailing Women's Two Person Dinghy,2
URS,"Canoeing Women's Kayak Singles, 500 metres",8
URS,Swimming Women's 200 metres Individual Medley,1
URS,"Shooting Women's Air Pistol, 10 metres",2
URS,Diving Women's Springboard,2
URS,Rowing Women's Quadruple Sculls,4
URS,Rowing Women's Coxed Eights,18
URS,"Fencing Women's Foil, Team",31
URS,Athletics Women's 80 metres Hurdles,2
URS,"Canoeing Women's Kayak Doubles, 500 metres",10
URS,"Fencing Women's Foil, Individual",4
URS,Figure Skating Women's Singles,1
URS,Alpine Skiing Women's Slalom,1
URS,Athletics Women's 800 metres,6
URS,Athletics Women's 100 metres,1
URS,Swimming Women's 100 metres Breaststroke,5
URS,Athletics Women's 400 metres Hurdles,1
URS,Rhythmic Gymnastics Women's Individual,2
URS,"Shooting Women's Air Rifle, 10 metres",2
URS,"Equestrianism Mixed Dressage, Team",3
URS,"Equestrianism Mixed Dressage, Individual",1
URS,Cross Country Skiing Women's 20 kilometres,4
URS,"Shooting Women's Sporting Pistol, 25 metres",1
URS,Cycling Women's Sprint,1
URS,"Athletics Women's 3,000 metres",1
URS,"Cycling Women's Road Race, Individual",1
HUN,"Fencing Women's Foil, Team",35
HUN,Handball Women's Handball,45
HUN,Athletics Women's Javelin Throw,2
HUN,Gymnastics Women's Team All-Around,36
HUN,"Canoeing Women's Kayak Doubles, 500 metres",20
HUN,Gymnastics Women's Team Portable Apparatus,14
HUN,"Fencing Women's Foil, Individual",9
HUN,"Canoeing Women's Kayak Fours, 500 metres",28
HUN,Athletics Women's High Jump,1
HUN,Judo Women's Extra-Lightweight,1
HUN,"Canoeing Women's Kayak Singles, 500 metres",7
HUN,"Canoeing Women's Kayak Singles, 200 metres",1
HUN,Gymnastics Women's Floor Exercise,5
HUN,Swimming Women's 100 metres Backstroke,5
HUN,Swimming Women's 200 metres Backstroke,4
HUN,Swimming Women's 400 metres Individual Medley,3
HUN,Gymnastics Women's Uneven Bars,5
HUN,"Art Competitions Mixed Literature, Epic Works",1
HUN,Swimming Women's 200 metres Breaststroke,6
HUN,Swimming Women's 400 metres Freestyle,2
HUN,Swimming Women's 4 x 100 metres Freestyle Relay,5
HUN,Swimming Women's 100 metres Butterfly,1
HUN,Athletics Women's Long Jump,1
HUN,Swimming Women's 200 metres Individual Medley,1
HUN,Shooting Women's Skeet,2
HUN,Swimming Women's 800 metres Freestyle,1
HUN,Figure Skating Mixed Pairs,5
HUN,Gymnastics Women's Individual All-Around,2
HUN,Gymnastics Women's Balance Beam,2
HUN,Athletics Women's Discus Throw,1
HUN,Athletics Women's Pentathlon,1
HUN,Weightlifting Women's Light-Heavyweight,2
HUN,Athletics Women's Shot Put,1
HUN,"Fencing Women's epee, Individual",5
HUN,Gymnastics Women's Horse Vault,2
HUN,Figure Skating Mixed Ice Dancing,1
HUN,Swimming Women's 10 kilometres Open Water,1
HUN,Swimming Women's 100 metres Freestyle,2
HUN,Modern Pentathlon Women's Individual,1
NGR,Athletics Women's 4 x 400 metres Relay,4
NGR,Athletics Women's Long Jump,2
NGR,Athletics Women's 100 metres Hurdles,1
NGR,Athletics Women's 4 x 100 metres Relay,9
NGR,Weightlifting Women's Heavyweight,1
NGR,Athletics Women's 400 metres,1
NGR,Athletics Women's 200 metres,1
ALG,"Athletics Women's 1,500 metres",2
ALG,Judo Women's Half-Lightweight,1
BRN,"Athletics Women's 1,500 metres",1
BRN,"Athletics Women's 3,000 metres Steeplechase",1
BRN,Athletics Women's Marathon,1
MAS,Diving Women's Synchronized Platform,2
MAS,Badminton Mixed Doubles,1
MAS,Diving Women's Platform,1
GER,Rowing Women's Coxless Pairs,2
GER,Football Women's Football,68
GER,Speed Skating Women's Team Pursuit (6 laps),9
GER,Biathlon Women's 7.5 kilometres Sprint,6
GER,Biathlon Women's 4 x 7.5 kilometres Relay,12
GER,Biathlon Women's 4 x 6 kilometres Relay,8
GER,"Cycling Women's Individual Pursuit, 3,000 metres",2
GER,"Cycling Women's Road Race, Individual",2
GER,Cycling Women's Individual Time Trial,1
GER,"Equestrianism Mixed Three-Day Event, Individual",1
GER,"Equestrianism Mixed Three-Day Event, Team",6
GER,Hockey Women's Hockey,49
GER,"Speed Skating Women's 1,000 metres",5
GER,Diving Women's Springboard,4
GER,Rowing Women's Quadruple Sculls,28
GER,Gymnastics Women's Team All-Around,8
GER,"Fencing Women's Foil, Team",15
GER,Cross Country Skiing Women's 5/5 kilometres Pursuit,1
GER,Cross Country Skiing Women's 4 x 5 kilometres Relay,16
GER,"Speed Skating Women's 3,000 metres",8
GER,"Speed Skating Women's 5,000 metres",10
GER,Biathlon Women's 3 x 7.5 kilometres Relay,3
GER,Alpine Skiing Women's Downhill,4
GER,Athletics Women's 4 x 100 metres Relay,12
GER,Rowing Women's Lightweight Double Sculls,4
GER,Judo Women's Middleweight,3
GER,"Fencing Women's epee, Team",3
GER,Judo Women's Lightweight,1
GER,"Canoeing Women's Kayak Fours, 500 metres",28
GER,"Speed Skating Women's 1,500 metres",6
GER,Rowing Women's Double Sculls,8
GER,Athletics Women's Shot Put,8
GER,Athletics Women's Javelin Throw,10
GER,Athletics Women's Heptathlon,2
GER,Swimming Women's 4 x 100 metres Medley Relay,15
GER,Athletics Women's 4 x 400 metres Relay,4
GER,Shooting Women's Skeet,1
GER,"Equestrianism Mixed Dressage, Team",24
GER,"Equestrianism Mixed Dressage, Individual",11
GER,Swimming Women's 4 x 100 metres Freestyle Relay,24
GER,Alpine Skiing Women's Giant Slalom,6
GER,Alpine Skiing Women's Slalom,5
GER,Swimming Women's 4 x 200 metres Freestyle Relay,18
GER,Swimming Women's 200 metres Backstroke,3
GER,Gymnastics Women's Horse Vault,2
GER,Alpine Skiing Women's Combined,8
GER,"Canoeing Women's Kayak Doubles, 500 metres",16
GER,Biathlon Women's 15 kilometres,5
GER,Biathlon Women's 12.5 kilometres Mass Start,4
GER,Trampolining Women's Individual,1
GER,Athletics Women's 800 metres,2
GER,Rowing Women's Coxed Eights,9
GER,"Shooting Women's Sporting Pistol, 25 metres",2
GER,Athletics Women's Long Jump,3
GER,Luge Women's Singles,16
GER,Bobsleigh Women's Two,6
GER,Figure Skating Mixed Pairs,8
GER,Diving Women's Synchronized Springboard,2
GER,"Canoeing Women's Kayak Singles, 500 metres",4
GER,Rowing Women's Coxless Fours,4
GER,Taekwondo Women's Welterweight,1
GER,Speed Skating Women's 500 metres,6
GER,Luge Mixed Team Relay,1
GER,Swimming Women's 200 metres Breaststroke,8
GER,Biathlon Women's 10 kilometres Pursuit,4
GER,Judo Women's Extra-Lightweight,2
GER,Tennis Women's Singles,3
GER,Diving Women's Platform,4
GER,Judo Women's Heavyweight,1
GER,Table Tennis Women's Team,3
GER,Swimming Women's 400 metres Freestyle,2
GER,Swimming Women's 200 metres Freestyle,4
GER,Swimming Women's 800 metres Freestyle,2
GER,"Fencing Women's epee, Individual",2
GER,Athletics Women's Hammer Throw,2
GER,Athletics Women's 200 metres,2
GER,Alpine Skiing Women's Super G,2
GER,"Shooting Women's Air Rifle, 10 metres",1
GER,Skeleton Women's Skeleton,2
GER,Swimming Women's 200 metres Individual Medley,1
GER,Swimming Women's 100 metres Freestyle,4
GER,Snowboarding Women's Parallel Slalom,2
GER,Athletics Women's High Jump,2
GER,Shooting Women's Double Trap,1
GER,Snowboarding Women's Parallel Giant Slalom,1
GER,Athletics Women's 80 metres Hurdles,5
GER,"Fencing Women's Foil, Individual",6
GER,Tennis Mixed Doubles,1
GER,Athletics Women's 100 metres,2
GER,Cross Country Skiing Women's Sprint,2
GER,Cross Country Skiing Women's Team Sprint,2
GER,"Shooting Women's Small-Bore Rifle, Three Positions, 50 metres",1
GER,Athletics Women's Discus Throw,4
GER,Beach Volleyball Women's Beach Volleyball,2
GER,Sailing Women's Windsurfer,1
GER,Archery Women's Team,6
GER,"Equestrianism Mixed Jumping, Team",1
GER,"Canoeing Women's Kayak Singles, Slalom",1
GER,Freestyle Skiing Women's Moguls,1
GER,Cycling Women's Sprint,2
GER,Figure Skating Women's Singles,1
GER,Snowboarding Women's Giant Slalom,1
GER,Rowing Women's Single Sculls,2
GER,Gymnastics Women's Uneven Bars,1
GER,Modern Pentathlon Women's Individual,1
GER,"Art Competitions Mixed Sculpturing, Statues",1
GER,"Cycling Women's Mountainbike, Cross-Country",3
GER,Swimming Women's 50 metres Freestyle,2
GER,Snowboarding Women's Halfpipe,1
GER,Archery Women's Individual,1
GER,Cycling Women's Team Sprint,4
GER,"Ski Jumping Women's Normal Hill, Individual",1
CAN,Swimming Women's 4 x 100 metres Medley Relay,15
CAN,Diving Women's Synchronized Springboard,2
CAN,Ice Hockey Women's Ice Hockey,101
CAN,Synchronized Swimming Women's Team,17
CAN,Rowing Women's Coxed Eights,36
CAN,Swimming Women's 4 x 100 metres Freestyle Relay,14
CAN,Rowing Women's Coxed Fours,5
CAN,Speed Skating Women's 500 metres,5
CAN,Athletics Women's 4 x 100 metres Relay,20
CAN,Curling Women's Curling,24
CAN,Rowing Women's Coxless Fours,4
CAN,"Canoeing Women's Kayak Doubles, 500 metres",2
CAN,"Canoeing Women's Kayak Fours, 500 metres",4
CAN,Football Women's Football,36
CAN,Biathlon Women's 15 kilometres,2
CAN,Biathlon Women's 7.5 kilometres Sprint,1
CAN,Diving Women's Synchronized Platform,8
CAN,Diving Women's Platform,3
CAN,Rugby Sevens Women's Rugby Sevens,12
CAN,Diving Women's Springboard,3
CAN,Cycling Women's Team Pursuit,8
CAN,Rowing Women's Quadruple Sculls,4
CAN,Taekwondo Women's Heavyweight,1
CAN,"Short Track Speed Skating Women's 3,000 metres Relay",30
CAN,Figure Skating Mixed Pairs,7
CAN,Freestyle Skiing Women's Aerials,2
CAN,Bobsleigh Women's Two,6
CAN,"Canoeing Women's Kayak Singles, 500 metres",3
CAN,Figure Skating Women's Singles,5
CAN,Swimming Women's 200 metres Backstroke,4
CAN,Synchronized Swimming Women's Duet,6
CAN,Rowing Women's Lightweight Double Sculls,4
CAN,Athletics Women's High Jump,2
CAN,"Athletics Women's 3,000 metres",2
CAN,Swimming Women's 400 metres Individual Medley,3
CAN,Trampolining Women's Individual,5
CAN,Rowing Women's Coxless Pairs,4
CAN,Cross Country Skiing Women's Sprint,1
CAN,Athletics Women's 4 x 400 metres Relay,5
CAN,Freestyle Skiing Women's Moguls,4
CAN,Figure Skating Mixed Team,4
CAN,Synchronized Swimming Women's Solo,3
CAN,Rhythmic Gymnastics Women's Individual,1
CAN,Swimming Women's 100 metres Backstroke,3
CAN,Weightlifting Women's Middleweight,1
CAN,Swimming Women's 4 x 200 metres Freestyle Relay,6
CAN,Alpine Skiing Women's Giant Slalom,2
CAN,Alpine Skiing Women's Slalom,2
CAN,"Speed Skating Women's 1,500 metres",3
CAN,Speed Skating Women's Team Pursuit (6 laps),5
CAN,"Speed Skating Women's 3,000 metres",3
CAN,Rowing Women's Double Sculls,4
CAN,"Equestrianism Mixed Jumping, Team",1
CAN,Skeleton Women's Skeleton,1
CAN,Freestyle Skiing Women's Slopestyle,2
CAN,"Cycling Women's Road Race, Individual",1
CAN,Cycling Women's Individual Time Trial,1
CAN,"Speed Skating Women's 5,000 metres",4
CAN,"Wrestling Women's Flyweight, Freestyle",2
CAN,"Speed Skating Women's 1,000 metres",3
CAN,"Short Track Speed Skating Women's 1,000 metres",1
CAN,Rowing Women's Single Sculls,2
CAN,Short Track Speed Skating Women's 500 metres,3
CAN,Alpine Skiing Women's Downhill,3
CAN,Swimming Women's 200 metres Individual Medley,1
CAN,Athletics Women's 100 metres Hurdles,1
CAN,Snowboarding Women's Boardercross,3
CAN,Freestyle Skiing Women's Ski Cross,3
CAN,Cycling Women's Sprint,1
CAN,"Equestrianism Mixed Dressage, Team",4
CAN,Swimming Women's 100 metres Freestyle,1
CAN,Swimming Women's 100 metres Butterfly,1
CAN,Swimming Women's 100 metres Breaststroke,1
CAN,Swimming Women's 200 metres Breaststroke,1
CAN,"Cycling Women's Mountainbike, Cross-Country",3
CAN,Alpine Skiing Women's Super G,1
CAN,Cross Country Skiing Women's Team Sprint,2
CAN,Athletics Women's 100 metres,3
CAN,Cross Country Skiing Women's 5/5 kilometres Pursuit,1
CAN,Taekwondo Women's Welterweight,1
CAN,Swimming Women's 400 metres Freestyle,1
CAN,Athletics Women's 80 metres Hurdles,1
CAN,Athletics Women's Heptathlon,1
CAN,"Shooting Women's Sporting Pistol, 25 metres",1
CAN,"Wrestling Women's Lightweight, Freestyle",3
CAN,Figure Skating Mixed Ice Dancing,3
CAN,"Wrestling Women's Heavyweight, Freestyle",1
IRL,"Art Competitions Mixed Painting, Paintings",1
IRL,Sailing Women's One Person Dinghy,1
IRL,"Athletics Women's 5,000 metres",1
IRL,Swimming Women's 400 metres Freestyle,1
IRL,Swimming Women's 200 metres Butterfly,1
IRL,Swimming Women's 200 metres Individual Medley,1
IRL,Swimming Women's 400 metres Individual Medley,1
IRL,Boxing Women's Lightweight,1
AUS,Hockey Women's Hockey,48
AUS,Softball Women's Softball,60
AUS,Athletics Women's 400 metres,4
AUS,Swimming Women's 100 metres Butterfly,6
AUS,Swimming Women's 4 x 100 metres Medley Relay,50
AUS,Sailing Women's Two Person Dinghy,4
AUS,Swimming Women's 4 x 200 metres Freestyle Relay,32
AUS,Shooting Women's Trap,2
AUS,Swimming Women's 200 metres Freestyle,4
AUS,Basketball Women's Basketball,60
AUS,Water Polo Women's Water Polo,39
AUS,Rugby Sevens Women's Rugby Sevens,12
AUS,Swimming Women's 4 x 100 metres Freestyle Relay,39
AUS,Athletics Women's 200 metres,7
AUS,"Canoeing Women's Kayak Doubles, 500 metres",2
AUS,"Canoeing Women's Kayak Singles, 500 metres",1
AUS,Athletics Women's 100 metres,6
AUS,Rowing Women's Quadruple Sculls,4
AUS,Rowing Women's Coxed Fours,5
AUS,Snowboarding Women's Halfpipe,2
AUS,Diving Women's Platform,3
AUS,Taekwondo Women's Flyweight,1
AUS,Athletics Women's 80 metres Hurdles,7
AUS,Swimming Women's 50 metres Freestyle,2
AUS,Freestyle Skiing Women's Aerials,4
AUS,"Cycling Women's Road Race, Individual",2
AUS,Diving Women's Synchronized Platform,4
AUS,Beach Volleyball Women's Beach Volleyball,4
AUS,Athletics Women's Discus Throw,1
AUS,Swimming Women's 200 metres Individual Medley,4
AUS,Swimming Women's 100 metres Freestyle,8
AUS,Swimming Women's 400 metres Freestyle,5
AUS,Athletics Women's 4 x 100 metres Relay,8
AUS,Rowing Women's Single Sculls,2
AUS,Rowing Women's Double Sculls,2
AUS,Sailing Women's Three Person Keelboat,3
AUS,Sailing Mixed Multihull,1
AUS,Swimming Women's 100 metres Backstroke,3
AUS,"Canoeing Women's Kayak Fours, 500 metres",4
AUS,"Shooting Women's Sporting Pistol, 25 metres",1
AUS,Swimming Women's 200 metres Breaststroke,5
AUS,Triathlon Women's Olympic Distance,5
AUS,Cycling Women's Omnium,1
AUS,Modern Pentathlon Women's Individual,1
AUS,Cycling Women's Sprint,4
AUS,Cycling Women's 500 metres Time Trial,2
AUS,Athletics Women's 400 metres Hurdles,1
AUS,Swimming Women's 800 metres Freestyle,4
AUS,Swimming Women's 200 metres Butterfly,10
AUS,"Shooting Women's Air Pistol, 10 metres",1
AUS,"Canoeing Women's Kayak Singles, Slalom",4
AUS,"Equestrianism Mixed Three-Day Event, Team",6
AUS,Athletics Women's Pole Vault,1
AUS,Swimming Women's 100 metres Breaststroke,7
AUS,Rowing Women's Coxless Pairs,6
AUS,Shooting Women's Double Trap,1
AUS,Athletics Women's 800 metres,1
AUS,Rowing Women's Lightweight Double Sculls,2
AUS,Diving Women's Synchronized Springboard,4
AUS,Swimming Women's 400 metres Individual Medley,3
AUS,Swimming Women's 200 metres Backstroke,1
AUS,"Cycling Women's Individual Pursuit, 3,000 metres",2
AUS,Athletics Women's Marathon,1
AUS,Athletics Women's High Jump,1
AUS,Cycling Women's Team Sprint,2
AUS,Athletics Women's 100 metres Hurdles,2
AUS,Athletics Women's Javelin Throw,1
AUS,Tennis Women's Doubles,4
AUS,Cycling Women's Keirin,1
AUS,Tennis Women's Singles,1
AUS,Athletics Women's Shot Put,1
AUS,Athletics Women's Heptathlon,1
AUS,Judo Women's Lightweight,1
AUS,Athletics Women's 20 kilometres Walk,1
AUS,Alpine Skiing Women's Slalom,1
AUS,Cycling Women's Points Race,1
RSA,Swimming Women's 4 x 100 metres Freestyle Relay,8
RSA,Athletics Women's High Jump,3
RSA,Athletics Women's 80 metres Hurdles,1
RSA,Swimming Women's 100 metres Backstroke,2
RSA,"Canoeing Women's Kayak Singles, 500 metres",1
RSA,Swimming Women's 100 metres Breaststroke,2
RSA,Swimming Women's 200 metres Breaststroke,1
RSA,Swimming Women's 400 metres Freestyle,1
RSA,"Athletics Women's 10,000 metres",1
RSA,Athletics Women's 100 metres,1
RSA,Athletics Women's 800 metres,2
RSA,Athletics Women's Javelin Throw,1
TUN,"Wrestling Women's Lightweight, Freestyle",1
TUN,"Fencing Women's Foil, Individual",1
TUN,"Athletics Women's 3,000 metres Steeplechase",1
BEL,Athletics Women's 4 x 100 metres Relay,4
BEL,Rowing Women's Single Sculls,2
BEL,Tennis Women's Doubles,2
BEL,Cycling Women's Omnium,1
BEL,Athletics Women's High Jump,1
BEL,Tennis Women's Singles,1
BEL,Judo Women's Half-Lightweight,1
BEL,Figure Skating Mixed Pairs,1
BEL,Swimming Women's 200 metres Breaststroke,1
BEL,Judo Women's Lightweight,1
BEL,Judo Women's Middleweight,1
BEL,Judo Women's Extra-Lightweight,2
BEL,Athletics Women's Heptathlon,1
BEL,Sailing Women's One Person Dinghy,1
BEL,Judo Women's Half-Middleweight,2
BEL,Judo Women's Half-Heavyweight,1
KAZ,Weightlifting Women's Featherweight,1
KAZ,Judo Women's Extra-Lightweight,1
KAZ,Weightlifting Women's Middleweight,3
KAZ,Weightlifting Women's Super-Heavyweight,1
KAZ,Biathlon Women's 15 kilometres,1
KAZ,"Wrestling Women's Middleweight, Freestyle",2
KAZ,"Wrestling Women's Heavyweight, Freestyle",2
KAZ,Weightlifting Women's Heavyweight,2
KAZ,"Speed Skating Women's 5,000 metres",1
KAZ,Athletics Women's Triple Jump,2
KAZ,Boxing Women's Middleweight,2
KAZ,Athletics Women's 100 metres Hurdles,1
KAZ,"Wrestling Women's Light-Heavyweight, Freestyle",1
KAZ,Weightlifting Women's Light-Heavyweight,1
IND,Boxing Women's Flyweight,1
IND,"Wrestling Women's Lightweight, Freestyle",1
IND,Weightlifting Women's Light-Heavyweight,1
IND,Badminton Women's Singles,2
SYR,Athletics Women's Heptathlon,1
ETH,"Athletics Women's 3,000 metres Steeplechase",1
ETH,"Athletics Women's 5,000 metres",8
ETH,"Athletics Women's 10,000 metres",10
ETH,"Athletics Women's 1,500 metres",1
ETH,Athletics Women's Marathon,3
INA,Weightlifting Women's Flyweight,3
INA,Archery Women's Team,3
INA,Badminton Women's Singles,4
INA,Badminton Mixed Doubles,3
INA,Weightlifting Women's Featherweight,2
PHI,Weightlifting Women's Featherweight,1
SGP,Table Tennis Women's Team,6
SGP,Table Tennis Women's Singles,1
UZB,Freestyle Skiing Women's Aerials,1
UZB,Trampolining Women's Individual,1
TJK,Boxing Women's Lightweight,1
EUN,"Short Track Speed Skating Women's 3,000 metres Relay",4
EUN,Handball Women's Handball,13
EUN,Volleyball Women's Volleyball,8
EUN,Archery Women's Team,3
EUN,Basketball Women's Basketball,12
EUN,Figure Skating Mixed Pairs,2
EUN,Athletics Women's Heptathlon,1
EUN,Biathlon Women's 7.5 kilometres Sprint,2
EUN,Biathlon Women's 3 x 7.5 kilometres Relay,3
EUN,Gymnastics Women's Team All-Around,6
EUN,Athletics Women's 4 x 100 metres Relay,4
EUN,Athletics Women's 400 metres,1
EUN,Athletics Women's 4 x 400 metres Relay,6
EUN,"Shooting Women's Air Pistol, 10 metres",1
EUN,"Shooting Women's Sporting Pistol, 25 metres",1
EUN,Gymnastics Women's Individual All-Around,1
EUN,Gymnastics Women's Floor Exercise,1
EUN,Gymnastics Women's Uneven Bars,1
EUN,Rowing Women's Quadruple Sculls,4
EUN,Figure Skating Mixed Ice Dancing,2
EUN,Freestyle Skiing Women's Moguls,1
EUN,Athletics Women's Long Jump,1
EUN,Athletics Women's Shot Put,1
EUN,Swimming Women's 4 x 100 metres Medley Relay,5
EUN,Diving Women's Springboard,1
EUN,Cross Country Skiing Women's 4 x 5 kilometres Relay,4
EUN,Gymnastics Women's Horse Vault,1
EUN,Gymnastics Women's Balance Beam,1
EUN,Tennis Women's Doubles,2
EUN,Diving Women's Platform,1
EUN,Athletics Women's 10 kilometres Walk,1
EUN,Athletics Women's 800 metres,1
EUN,Biathlon Women's 15 kilometres,1
EUN,Judo Women's Half-Middleweight,1
EUN,Athletics Women's 100 metres,1
EUN,"Athletics Women's 1,500 metres",1
EUN,"Athletics Women's 3,000 metres",2
EUN,Swimming Women's 100 metres Breaststroke,1
EUN,"Fencing Women's Foil, Individual",1
EUN,Athletics Women's Javelin Throw,1
EUN,Rhythmic Gymnastics Women's Individual,2
EUN,Cross Country Skiing Women's 5 kilometres,2
EUN,Cross Country Skiing Women's 15 kilometres,2
EUN,Cross Country Skiing Women's 30 kilometres,2
EUN,Cross Country Skiing Women's 5/10 kilometres Pursuit,2
EUN,Archery Women's Individual,1
EUN,Athletics Women's Marathon,1
JPN,Gymnastics Women's Team All-Around,6
JPN,Football Women's Football,18
JPN,Softball Women's Softball,44
JPN,Judo Women's Half-Heavyweight,3
JPN,Swimming Women's 100 metres Butterfly,1
JPN,Figure Skating Women's Singles,3
JPN,Volleyball Women's Volleyball,69
JPN,Athletics Women's Marathon,4
JPN,"Wrestling Women's Light-Heavyweight, Freestyle",1
JPN,Synchronized Swimming Women's Team,35
JPN,Judo Women's Half-Middleweight,4
JPN,Badminton Women's Doubles,4
JPN,Table Tennis Women's Team,6
JPN,"Wrestling Women's Heavyweight, Freestyle",2
JPN,Synchronized Swimming Women's Duet,14
JPN,"Shooting Women's Sporting Pistol, 25 metres",1
JPN,"Speed Skating Women's 1,500 metres",1
JPN,Archery Women's Team,3
JPN,Athletics Women's 800 metres,1
JPN,Swimming Women's 200 metres Butterfly,3
JPN,Speed Skating Women's Team Pursuit (6 laps),3
JPN,"Wrestling Women's Flyweight, Freestyle",4
JPN,"Wrestling Women's Middleweight, Freestyle",4
JPN,"Wrestling Women's Lightweight, Freestyle",4
JPN,Swimming Women's 200 metres Breaststroke,5
JPN,Swimming Women's 4 x 100 metres Medley Relay,8
JPN,Sailing Women's Two Person Dinghy,2
JPN,Judo Women's Extra-Lightweight,6
JPN,Synchronized Swimming Women's Solo,3
JPN,Judo Women's Lightweight,4
JPN,Weightlifting Women's Flyweight,2
JPN,Judo Women's Half-Lightweight,6
JPN,Swimming Women's 100 metres Backstroke,3
JPN,Swimming Women's 200 metres Backstroke,3
JPN,Taekwondo Women's Welterweight,1
JPN,Speed Skating Women's 500 metres,1
JPN,Badminton Women's Singles,1
JPN,Freestyle Skiing Women's Halfpipe,1
JPN,Judo Women's Heavyweight,6
JPN,Freestyle Skiing Women's Moguls,2
JPN,Swimming Women's 800 metres Freestyle,1
JPN,Swimming Women's 100 metres Breaststroke,1
JPN,Judo Women's Middleweight,3
JPN,Swimming Women's 400 metres Individual Medley,1
JPN,Snowboarding Women's Parallel Giant Slalom,1
JPN,"Speed Skating Women's 5,000 metres",1
JPN,"Wrestling Women's Featherweight, Freestyle",1
SUI,Cross Country Skiing Women's 4 x 5 kilometres Relay,4
SUI,Ice Hockey Women's Ice Hockey,19
SUI,Tennis Women's Doubles,2
SUI,"Canoeing Women's Kayak Fours, 500 metres",4
SUI,Curling Women's Curling,9
SUI,"Cycling Women's Mountainbike, Cross-Country",1
SUI,Alpine Skiing Women's Giant Slalom,7
SUI,Freestyle Skiing Women's Aerials,2
SUI,Alpine Skiing Women's Downhill,11
SUI,Alpine Skiing Women's Slalom,5
SUI,"Equestrianism Mixed Dressage, Team",7
SUI,Sailing Mixed 1-2 Ton,2
SUI,"Shooting Women's Sporting Pistol, 25 metres",1
SUI,Alpinism Mixed Alpinism,1
SUI,Alpine Skiing Women's Super G,1
SUI,Snowboarding Women's Boardercross,2
SUI,Biathlon Women's 15 kilometres,1
SUI,"Fencing Women's epee, Individual",1
SUI,"Fencing Women's epee, Team",3
SUI,Snowboarding Women's Parallel Giant Slalom,2
SUI,"Equestrianism Mixed Jumping, Team",2
SUI,Triathlon Women's Olympic Distance,4
SUI,Alpine Skiing Women's Combined,3
SUI,Skeleton Women's Skeleton,1
SUI,Snowboarding Women's Halfpipe,1
SUI,"Equestrianism Mixed Jumping, Individual",1
SUI,Gymnastics Women's Horse Vault,1
SUI,"Equestrianism Mixed Dressage, Individual",2
SUI,Cycling Women's Individual Time Trial,2
BRA,Volleyball Women's Volleyball,48
BRA,Basketball Women's Basketball,24
BRA,Football Women's Football,35
BRA,Boxing Women's Lightweight,1
BRA,Beach Volleyball Women's Beach Volleyball,14
BRA,Judo Women's Half-Heavyweight,2
BRA,Taekwondo Women's Heavyweight,1
BRA,Sailing Women's Skiff,2
BRA,Athletics Women's Long Jump,1
BRA,Modern Pentathlon Women's Individual,1
BRA,Judo Women's Extra-Lightweight,1
BRA,Swimming Women's 10 kilometres Open Water,1
BRA,Sailing Women's Two Person Dinghy,2
BRA,Judo Women's Lightweight,2
FRG,Hockey Women's Hockey,16
FRG,"Fencing Women's Foil, Individual",4
FRG,"Fencing Women's Foil, Team",10
FRG,Rowing Women's Coxless Pairs,4
FRG,Athletics Women's Javelin Throw,1
FRG,Swimming Women's 4 x 100 metres Freestyle Relay,8
FRG,Swimming Women's 4 x 100 metres Medley Relay,15
FRG,Swimming Women's 200 metres Butterfly,1
FRG,Athletics Women's 4 x 400 metres Relay,10
FRG,"Canoeing Women's Kayak Singles, 500 metres",2
FRG,Luge Women's Singles,3
FRG,Alpine Skiing Women's Giant Slalom,3
FRG,"Canoeing Women's Kayak Doubles, 500 metres",4
FRG,Athletics Women's Heptathlon,1
FRG,Athletics Women's 800 metres,1
FRG,"Speed Skating Women's 1,000 metres",1
FRG,Figure Skating Mixed Pairs,1
FRG,Tennis Women's Singles,1
FRG,Tennis Women's Doubles,2
FRG,"Equestrianism Mixed Dressage, Team",7
FRG,"Canoeing Women's Kayak Singles, Slalom",2
FRG,Athletics Women's 100 metres,2
FRG,Athletics Women's 4 x 100 metres Relay,8
FRG,"Shooting Women's Small-Bore Rifle, Three Positions, 50 metres",2
FRG,Athletics Women's 400 metres,1
FRG,Alpine Skiing Women's Downhill,2
FRG,Alpine Skiing Women's Slalom,3
FRG,"Equestrianism Mixed Dressage, Individual",2
FRG,Athletics Women's Shot Put,1
FRG,Figure Skating Women's Singles,1
FRG,Athletics Women's High Jump,2
FRG,Athletics Women's Pentathlon,2
FRG,"Cycling Women's Road Race, Individual",2
FRG,"Equestrianism Mixed Three-Day Event, Team",1
FRG,Athletics Women's 200 metres,1
FRG,Athletics Women's Long Jump,1
FRG,Swimming Women's 100 metres Butterfly,1
FRG,"Shooting Women's Air Rifle, 10 metres",1
FRG,Rhythmic Gymnastics Women's Individual,1
FRG,Athletics Women's Discus Throw,1
FRG,Athletics Women's 100 metres Hurdles,1
FRG,Swimming Women's 400 metres Individual Medley,1
GDR,Gymnastics Women's Team All-Around,30
GDR,Rowing Women's Coxed Eights,27
GDR,"Speed Skating Women's 1,000 metres",5
GDR,Cross Country Skiing Women's 4 x 5 kilometres Relay,8
GDR,Swimming Women's 100 metres Breaststroke,3
GDR,Swimming Women's 4 x 100 metres Medley Relay,23
GDR,Athletics Women's 100 metres,5
GDR,Athletics Women's 4 x 100 metres Relay,16
GDR,Handball Women's Handball,28
GDR,"Canoeing Women's Kayak Singles, Slalom",1
GDR,"Speed Skating Women's 1,500 metres",5
GDR,"Speed Skating Women's 3,000 metres",7
GDR,Athletics Women's Heptathlon,2
GDR,Rowing Women's Single Sculls,3
GDR,Swimming Women's 100 metres Butterfly,8
GDR,"Canoeing Women's Kayak Doubles, 500 metres",8
GDR,Athletics Women's Pentathlon,4
GDR,Rowing Women's Double Sculls,6
GDR,Rowing Women's Coxed Quadruple Sculls,11
GDR,Athletics Women's 400 metres,6
GDR,Athletics Women's 4 x 400 metres Relay,17
GDR,Volleyball Women's Volleyball,12
GDR,Swimming Women's 800 metres Freestyle,4
GDR,Rowing Women's Coxless Pairs,4
GDR,Swimming Women's 100 metres Freestyle,6
GDR,Swimming Women's 200 metres Freestyle,6
GDR,Swimming Women's 400 metres Freestyle,7
GDR,Swimming Women's 4 x 100 metres Freestyle Relay,25
GDR,Rowing Women's Coxed Fours,15
GDR,Gymnastics Women's Horse Vault,5
GDR,Athletics Women's Marathon,1
GDR,Athletics Women's 200 metres,5
GDR,Athletics Women's Long Jump,3
GDR,Athletics Women's Shot Put,6
GDR,Athletics Women's 100 metres Hurdles,5
GDR,"Speed Skating Women's 5,000 metres",2
GDR,Swimming Women's 200 metres Individual Medley,2
GDR,Speed Skating Women's 500 metres,5
GDR,Figure Skating Women's Singles,5
GDR,Athletics Women's 400 metres Hurdles,1
GDR,"Canoeing Women's Kayak Singles, 500 metres",3
GDR,"Canoeing Women's Kayak Fours, 500 metres",4
GDR,Rowing Women's Quadruple Sculls,4
GDR,Athletics Women's Javelin Throw,6
GDR,Athletics Women's Discus Throw,5
GDR,Swimming Women's 200 metres Butterfly,8
GDR,Gymnastics Women's Individual All-Around,2
GDR,Gymnastics Women's Floor Exercise,1
GDR,Gymnastics Women's Uneven Bars,6
GDR,Figure Skating Mixed Pairs,4
GDR,Diving Women's Springboard,4
GDR,Athletics Women's 800 metres,4
GDR,"Athletics Women's 1,500 metres",4
GDR,Swimming Women's 200 metres Breaststroke,1
GDR,Swimming Women's 400 metres Individual Medley,4
GDR,Diving Women's Platform,2
GDR,Gymnastics Women's Balance Beam,1
GDR,Athletics Women's High Jump,2
GDR,Swimming Women's 100 metres Backstroke,7
GDR,Swimming Women's 50 metres Freestyle,2
GDR,Luge Women's Singles,12
GDR,Cross Country Skiing Women's 10 kilometres,1
GDR,Swimming Women's 200 metres Backstroke,7
GDR,Cycling Women's Sprint,1
ISR,Judo Women's Half-Middleweight,2
SWE,"Tennis Women's Singles, Covered Courts",1
SWE,Ice Hockey Women's Ice Hockey,40
SWE,"Equestrianism Mixed Three-Day Event, Individual",1
SWE,Swimming Women's 50 metres Freestyle,1
SWE,Swimming Women's 100 metres Freestyle,2
SWE,Swimming Women's 4 x 100 metres Freestyle Relay,20
SWE,"Canoeing Women's Kayak Singles, 500 metres",1
SWE,"Canoeing Women's Kayak Doubles, 500 metres",6
SWE,"Canoeing Women's Kayak Fours, 500 metres",12
SWE,Football Women's Football,18
SWE,Cross Country Skiing Women's Team Sprint,6
SWE,"Equestrianism Mixed Jumping, Team",1
SWE,Sailing Women's Two Person Dinghy,4
SWE,Gymnastics Women's Team Portable Apparatus,14
SWE,Athletics Women's High Jump,1
SWE,Curling Women's Curling,17
SWE,"Equestrianism Mixed Dressage, Team",6
SWE,Swimming Women's 400 metres Freestyle,1
SWE,Cross Country Skiing Women's 10 kilometres,4
SWE,Cross Country Skiing Women's 3 x 5 kilometres Relay,12
SWE,Tennis Mixed Doubles,1
SWE,"Tennis Mixed Doubles, Covered Courts",1
SWE,"Wrestling Women's Light-Heavyweight, Freestyle",1
SWE,Athletics Women's 800 metres,1
SWE,Cross Country Skiing Women's 5 kilometres,1
SWE,Cross Country Skiing Women's 15 km Skiathlon,2
SWE,Cross Country Skiing Women's 4 x 5 kilometres Relay,4
SWE,Shooting Women's Double Trap,1
SWE,Freestyle Skiing Women's Ski Cross,1
SWE,Figure Skating Women's Singles,3
SWE,"Cycling Women's Road Race, Individual",2
SWE,Diving Women's Plain High,4
SWE,Athletics Women's Heptathlon,1
SWE,Diving Women's Springboard,1
SWE,Diving Women's Platform,3
SWE,Athletics Women's Long Jump,1
SWE,Freestyle Skiing Women's Aerials,1
SWE,"Wrestling Women's Featherweight, Freestyle",1
SWE,Athletics Women's 100 metres Hurdles,1
SWE,Triathlon Women's Olympic Distance,1
SWE,Biathlon Women's 7.5 kilometres Sprint,2
SWE,Biathlon Women's 12.5 kilometres Mass Start,1
SWE,Alpine Skiing Women's Giant Slalom,3
SWE,Alpine Skiing Women's Slalom,2
SWE,Alpine Skiing Women's Downhill,2
SWE,Alpine Skiing Women's Combined,3
SWE,Gymnastics Women's Horse Vault,1
SWE,"Cycling Women's Mountainbike, Cross-Country",1
SWE,Sailing Mixed 6 metres,1
SWE,Swimming Women's 200 metres Freestyle,1
SWE,Swimming Women's 100 metres Butterfly,1
SWE,Athletics Women's Discus Throw,1
SWE,Biathlon Women's 15 kilometres,1
SRI,Athletics Women's 200 metres,1
ARM,Weightlifting Women's Super-Heavyweight,1
CIV,Taekwondo Women's Welterweight,1
KEN,Athletics Women's Marathon,5
KEN,"Athletics Women's 5,000 metres",5
KEN,"Athletics Women's 10,000 metres",4
KEN,Athletics Women's 800 metres,3
KEN,"Athletics Women's 3,000 metres Steeplechase",2
KEN,"Athletics Women's 1,500 metres",2
UKR,Athletics Women's Discus Throw,1
UKR,Athletics Women's High Jump,2
UKR,Figure Skating Women's Singles,1
UKR,"Canoeing Women's Kayak Fours, 500 metres",4
UKR,Rhythmic Gymnastics Women's Individual,5
UKR,Handball Women's Handball,15
UKR,Athletics Women's 4 x 100 metres Relay,4
UKR,Archery Women's Team,3
UKR,Weightlifting Women's Light-Heavyweight,1
UKR,Rowing Women's Quadruple Sculls,8
UKR,Athletics Women's Heptathlon,1
UKR,Biathlon Women's 4 x 6 kilometres Relay,4
UKR,Athletics Women's Triple Jump,3
UKR,Figure Skating Mixed Ice Dancing,1
UKR,Weightlifting Women's Lightweight,1
UKR,Sailing Women's Three Person Keelboat,3
UKR,"Cycling Women's Individual Pursuit, 3,000 metres",1
UKR,"Fencing Women's Sabre, Team",8
UKR,"Fencing Women's Sabre, Individual",2
UKR,Swimming Women's 800 metres Freestyle,1
UKR,Swimming Women's 200 metres Individual Medley,2
UKR,Swimming Women's 400 metres Individual Medley,2
UKR,Weightlifting Women's Super-Heavyweight,1
UKR,"Shooting Women's Air Pistol, 10 metres",2
UKR,"Shooting Women's Sporting Pistol, 25 metres",1
UKR,"Athletics Women's 1,500 metres",2
UKR,"Wrestling Women's Flyweight, Freestyle",2
UKR,"Canoeing Women's Kayak Singles, 500 metres",2
UKR,"Canoeing Women's Kayak Singles, 200 metres",1
UKR,Athletics Women's 100 metres Hurdles,1
UKR,Sailing Women's Two Person Dinghy,4
UKR,Biathlon Women's 15 kilometres,1
UKR,Gymnastics Women's Individual All-Around,1
UKR,Gymnastics Women's Floor Exercise,1
UKR,Gymnastics Women's Balance Beam,1
UKR,Archery Women's Individual,1
UKR,Biathlon Women's 7.5 kilometres Sprint,3
UKR,"Fencing Women's epee, Individual",1
UKR,Weightlifting Women's Middleweight,1
UKR,Diving Women's Synchronized Springboard,2
UKR,Modern Pentathlon Women's Individual,1
UKR,Athletics Women's 400 metres Hurdles,1
UKR,Trampolining Women's Individual,1
UKR,Cycling Women's Sprint,1
GBR,Boxing Women's Flyweight,2
GBR,Curling Women's Curling,9
GBR,Swimming Women's 400 metres Freestyle,7
GBR,Swimming Women's 800 metres Freestyle,4
GBR,"Tennis Mixed Doubles, Covered Courts",2
GBR,Modern Pentathlon Women's Individual,5
GBR,Figure Skating Women's Singles,6
GBR,Hockey Women's Hockey,48
GBR,Cycling Women's Team Pursuit,7
GBR,Athletics Women's 4 x 100 metres Relay,32
GBR,"Cycling Women's Road Race, Individual",2
GBR,Diving Women's Plain High,2
GBR,Sailing Women's Three Person Keelboat,6
GBR,Swimming Women's 4 x 100 metres Freestyle Relay,20
GBR,Rowing Women's Quadruple Sculls,12
GBR,Tennis Women's Doubles,8
GBR,Rowing Women's Double Sculls,8
GBR,"Equestrianism Mixed Dressage, Individual",3
GBR,"Equestrianism Mixed Dressage, Team",4
GBR,Rowing Women's Coxed Eights,9
GBR,Athletics Women's Long Jump,4
GBR,Athletics Women's Pentathlon,2
GBR,Rowing Women's Coxless Pairs,6
GBR,Athletics Women's 400 metres,6
GBR,Tennis Women's Singles,7
GBR,"Equestrianism Mixed Three-Day Event, Team",21
GBR,Gymnastics Women's Team All-Around,12
GBR,Judo Women's Heavyweight,1
GBR,Swimming Women's 200 metres Breaststroke,4
GBR,Athletics Women's 4 x 400 metres Relay,13
GBR,Sailing Women's Two Person Dinghy,4
GBR,"Equestrianism Mixed Jumping, Individual",2
GBR,Judo Women's Middleweight,3
GBR,"Equestrianism Mixed Three-Day Event, Individual",4
GBR,Skeleton Women's Skeleton,4
GBR,Tennis Mixed Doubles,3
GBR,Swimming Women's 100 metres Freestyle,3
GBR,Swimming Women's 100 metres Backstroke,7
GBR,Rowing Women's Lightweight Double Sculls,2
GBR,Swimming Women's 4 x 100 metres Medley Relay,4
GBR,Athletics Women's 400 metres Hurdles,2
GBR,Swimming Women's 400 metres Individual Medley,1
GBR,"Fencing Women's Foil, Individual",4
GBR,Archery Women's Double National Round,3
GBR,"Tennis Women's Singles, Covered Courts",4
GBR,Badminton Mixed Doubles,2
GBR,Athletics Women's Heptathlon,5
GBR,Judo Women's Lightweight,1
GBR,Diving Women's Springboard,1
GBR,"Art Competitions Mixed Sculpturing, Reliefs",1
GBR,Athletics Women's 80 metres Hurdles,2
GBR,Judo Women's Half-Heavyweight,1
GBR,Athletics Women's Hammer Throw,1
GBR,Triathlon Women's Olympic Distance,1
GBR,Athletics Women's 800 metres,3
GBR,"Athletics Women's 1,500 metres",1
GBR,Athletics Women's High Jump,5
GBR,"Cycling Women's Individual Pursuit, 3,000 metres",3
GBR,Athletics Women's 100 metres,2
GBR,Athletics Women's 200 metres,2
GBR,Cycling Women's Sprint,4
GBR,Cycling Women's Keirin,2
GBR,Figure Skating Mixed Pairs,3
GBR,Taekwondo Women's Featherweight,2
GBR,Snowboarding Women's Slopestyle,1
GBR,"Art Competitions Mixed Painting, Paintings",1
GBR,"Athletics Women's 10,000 metres",1
GBR,"Athletics Women's 3,000 metres",2
GBR,Swimming Women's 200 metres Individual Medley,1
GBR,Trampolining Women's Individual,1
GBR,Swimming Women's 10 kilometres Open Water,2
GBR,Cycling Women's Individual Time Trial,1
GBR,"Canoeing Women's Kayak Singles, Slalom",1
GBR,Judo Women's Half-Lightweight,1
GBR,Sailing Mixed 7 metres,2
GBR,Sailing Women's One Person Dinghy,1
GBR,Athletics Women's Javelin Throw,3
GBR,Sailing Women's Windsurfer,1
GBR,"Equestrianism Mixed Jumping, Team",1
GBR,Taekwondo Women's Heavyweight,2
GBR,Athletics Women's 100 metres Hurdles,1
GBR,Art Competitions Mixed Literature,1
GBR,Gymnastics Women's Floor Exercise,1
GBR,Figure Skating Mixed Ice Dancing,2
GBR,Cycling Women's Omnium,2
GBR,Gymnastics Women's Uneven Bars,1
GBR,Archery Women's Individual,1
LAT,Modern Pentathlon Women's Individual,1
LAT,Luge Mixed Team Relay,1
POL,Volleyball Women's Volleyball,22
POL,"Shooting Women's Air Rifle, 10 metres",2
POL,Rowing Women's Quadruple Sculls,4
POL,Athletics Women's 4 x 100 metres Relay,8
POL,Athletics Women's 80 metres Hurdles,1
POL,Speed Skating Women's Team Pursuit (6 laps),7
POL,Swimming Women's 400 metres Individual Medley,1
POL,Rowing Women's Coxless Pairs,2
POL,"Canoeing Women's Kayak Singles, 500 metres",3
POL,Archery Women's Team,3
POL,Rowing Women's Double Sculls,4
POL,"Fencing Women's Foil, Team",4
POL,"Fencing Women's Foil, Individual",2
POL,Gymnastics Women's Team Portable Apparatus,6
POL,Swimming Women's 400 metres Freestyle,1
POL,Swimming Women's 100 metres Butterfly,1
POL,Swimming Women's 200 metres Butterfly,1
POL,Athletics Women's High Jump,2
POL,Athletics Women's 100 metres,4
POL,"Art Competitions Mixed Painting, Graphic Arts",1
POL,Athletics Women's Discus Throw,3
POL,Cross Country Skiing Women's 30 kilometres,2
POL,Cross Country Skiing Women's Sprint,1
POL,Cross Country Skiing Women's 15 km Skiathlon,1
POL,Cross Country Skiing Women's 10 kilometres,1
POL,Athletics Women's Long Jump,3
POL,"Shooting Women's Small-Bore Rifle, Three Positions, 50 metres",3
POL,Athletics Women's Javelin Throw,1
POL,Athletics Women's 100 metres Hurdles,1
POL,"Wrestling Women's Middleweight, Freestyle",1
POL,"Canoeing Women's Kayak Doubles, 500 metres",10
POL,Sailing Women's Windsurfer,1
POL,Modern Pentathlon Women's Individual,1
POL,"Speed Skating Women's 1,500 metres",2
POL,Athletics Women's Pole Vault,1
POL,Athletics Women's Hammer Throw,3
POL,Judo Women's Middleweight,1
POL,Athletics Women's 200 metres,3
POL,Athletics Women's 400 metres,1
POL,Archery Women's Individual,1
POL,"Canoeing Women's Kayak Singles, 200 metres",1
POL,"Wrestling Women's Heavyweight, Freestyle",1
POL,"Cycling Women's Mountainbike, Cross-Country",2
POL,Weightlifting Women's Super-Heavyweight,2
CRC,Swimming Women's 200 metres Freestyle,3
CRC,Swimming Women's 400 metres Freestyle,1
GEO,"Shooting Women's Air Pistol, 10 metres",1
SLO,Athletics Women's 100 metres Hurdles,1
SLO,Athletics Women's 800 metres,1
SLO,Alpine Skiing Women's Combined,1
SLO,Cross Country Skiing Women's Sprint,2
SLO,Biathlon Women's 10 kilometres Pursuit,1
SLO,Swimming Women's 200 metres Freestyle,1
SLO,Alpine Skiing Women's Slalom,1
SLO,Alpine Skiing Women's Super G,1
SLO,Alpine Skiing Women's Giant Slalom,2
SLO,Alpine Skiing Women's Downhill,1
SLO,Judo Women's Heavyweight,1
SLO,Judo Women's Half-Middleweight,3
SLO,Judo Women's Half-Heavyweight,1
CRO,Athletics Women's Javelin Throw,1
CRO,Alpine Skiing Women's Super G,2
CRO,Alpine Skiing Women's Giant Slalom,1
CRO,Alpine Skiing Women's Slalom,1
CRO,Alpine Skiing Women's Combined,2
CRO,"Shooting Women's Air Rifle, 10 metres",1
CRO,Athletics Women's Discus Throw,2
CRO,Taekwondo Women's Welterweight,1
CRO,Athletics Women's High Jump,2
CRO,Taekwondo Women's Flyweight,1
CRO,Taekwondo Women's Featherweight,1
NZL,Athletics Women's Shot Put,3
NZL,Sailing Women's Two Person Dinghy,6
NZL,Rugby Sevens Women's Rugby Sevens,12
NZL,Rowing Women's Coxless Pairs,6
NZL,"Canoeing Women's Kayak Singles, 200 metres",2
NZL,"Canoeing Women's Kayak Singles, 500 metres",1
NZL,Athletics Women's 800 metres,1
NZL,"Equestrianism Mixed Three-Day Event, Individual",1
NZL,Alpine Skiing Women's Slalom,1
NZL,Rowing Women's Double Sculls,4
NZL,"Canoeing Women's Kayak Singles, Slalom",1
NZL,Sailing Women's Windsurfer,3
NZL,"Equestrianism Mixed Three-Day Event, Team",6
NZL,Golf Women's Individual,1
NZL,Sailing Women's Skiff,2
NZL,Athletics Women's Pole Vault,1
NZL,Athletics Women's Marathon,1
NZL,Shooting Women's Trap,1
NZL,Swimming Women's 100 metres Backstroke,1
NZL,"Cycling Women's Individual Pursuit, 3,000 metres",1
NZL,Cycling Women's BMX,1
NZL,Athletics Women's Long Jump,1
POR,Triathlon Women's Olympic Distance,1
POR,Judo Women's Lightweight,1
POR,Athletics Women's Marathon,2
POR,"Athletics Women's 10,000 metres",2
VEN,Taekwondo Women's Heavyweight,1
VEN,Taekwondo Women's Flyweight,1
VEN,Cycling Women's BMX,1
VEN,Athletics Women's Triple Jump,1
COL,Judo Women's Middleweight,2
COL,Cycling Women's Points Race,1
COL,Athletics Women's Triple Jump,2
COL,Weightlifting Women's Featherweight,1
COL,Cycling Women's BMX,2
COL,"Wrestling Women's Lightweight, Freestyle",2
COL,Athletics Women's 400 metres,1
COL,Weightlifting Women's Heavyweight,1
COL,Boxing Women's Flyweight,1
PER,Volleyball Women's Volleyball,12
PUR,Tennis Women's Singles,1
TCH,Gymnastics Women's Team All-Around,42
TCH,Hockey Women's Hockey,16
TCH,Gymnastics Women's Balance Beam,4
TCH,Gymnastics Women's Individual All-Around,2
TCH,Gymnastics Women's Horse Vault,2
TCH,Gymnastics Women's Floor Exercise,1
TCH,Gymnastics Women's Uneven Bars,1
TCH,Alpine Skiing Women's Downhill,1
TCH,Diving Women's Platform,2
TCH,Athletics Women's Shot Put,1
TCH,Athletics Women's Discus Throw,1
TCH,Athletics Women's High Jump,1
TCH,Athletics Women's Javelin Throw,2
TCH,Cross Country Skiing Women's 5 kilometres,3
TCH,Cross Country Skiing Women's 4 x 5 kilometres Relay,4
TCH,Athletics Women's 400 metres,1
TCH,Figure Skating Women's Singles,1
TCH,Tennis Women's Doubles,2
TCH,Tennis Mixed Doubles,1
TCH,Athletics Women's Long Jump,1
CZE,Athletics Women's 400 metres Hurdles,1
CZE,"Canoeing Women's Kayak Singles, Slalom",2
CZE,Tennis Women's Doubles,6
CZE,Tennis Mixed Doubles,1
CZE,"Shooting Women's Sporting Pistol, 25 metres",1
CZE,Athletics Women's Triple Jump,1
CZE,"Shooting Women's Air Rifle, 10 metres",2
CZE,"Shooting Women's Small-Bore Rifle, Three Positions, 50 metres",2
CZE,Tennis Women's Singles,2
CZE,Cross Country Skiing Women's 5 kilometres,1
CZE,Cross Country Skiing Women's 5/10 kilometres Pursuit,1
CZE,Cross Country Skiing Women's 15 kilometres,1
CZE,Cross Country Skiing Women's 5/5 kilometres Pursuit,1
CZE,Cross Country Skiing Women's 30 kilometres,1
CZE,Cross Country Skiing Women's 15 km Skiathlon,1
CZE,Athletics Women's Discus Throw,1
CZE,"Speed Skating Women's 1,500 metres",1
CZE,"Speed Skating Women's 3,000 metres",2
CZE,"Speed Skating Women's 5,000 metres",2
CZE,Snowboarding Women's Boardercross,1
CZE,Sailing Women's One Person Dinghy,1
CZE,Biathlon Mixed 2 x 6 kilometres and 2 x 7.5 kilometres Relay,2
CZE,Biathlon Women's 12.5 kilometres Mass Start,1
CZE,Athletics Women's Javelin Throw,3
CZE,Rowing Women's Single Sculls,1
CZE,Alpine Skiing Women's Slalom,1
JAM,Athletics Women's 4 x 100 metres Relay,28
JAM,Athletics Women's 4 x 400 metres Relay,27
JAM,Athletics Women's 100 metres,13
JAM,Athletics Women's 200 metres,12
JAM,Athletics Women's 400 metres,3
JAM,Athletics Women's 400 metres Hurdles,3
MGL,"Shooting Women's Sporting Pistol, 25 metres",2
MGL,Judo Women's Lightweight,1
MGL,"Wrestling Women's Middleweight, Freestyle",1
AUT,Swimming Women's 4 x 100 metres Freestyle Relay,4
AUT,Triathlon Women's Olympic Distance,1
AUT,Athletics Women's Javelin Throw,2
AUT,Figure Skating Mixed Pairs,5
AUT,Figure Skating Women's Singles,7
AUT,Alpine Skiing Women's Super G,8
AUT,Alpine Skiing Women's Downhill,16
AUT,Alpine Skiing Women's Giant Slalom,9
AUT,Snowboarding Women's Parallel Slalom,1
AUT,Alpine Skiing Women's Slalom,9
AUT,Sailing Mixed Multihull,1
AUT,Alpine Skiing Women's Combined,8
AUT,Athletics Women's 800 metres,1
AUT,Athletics Women's High Jump,1
AUT,Judo Women's Half-Middleweight,1
AUT,"Ski Jumping Women's Normal Hill, Individual",1
AUT,Swimming Women's 100 metres Breaststroke,1
AUT,"Athletics Women's 1,500 metres",1
AUT,Snowboarding Women's Giant Slalom,1
AUT,Snowboarding Women's Parallel Giant Slalom,1
AUT,"Canoeing Women's Kayak Singles, 500 metres",2
AUT,"Equestrianism Mixed Dressage, Individual",1
AUT,"Fencing Women's Foil, Individual",3
AUT,"Speed Skating Women's 3,000 metres",2
AUT,"Speed Skating Women's 1,500 metres",1
AUT,Luge Women's Singles,6
AUT,"Canoeing Women's Kayak Singles, Slalom",1
AUT,Athletics Women's Shot Put,1
AUT,Athletics Women's Pentathlon,1
LTU,Modern Pentathlon Women's Individual,1
LTU,Shooting Women's Trap,1
LTU,Swimming Women's 100 metres Breaststroke,1
LTU,Rowing Women's Double Sculls,4
LTU,Athletics Women's Heptathlon,1
LTU,Sailing Women's One Person Dinghy,1
LTU,"Cycling Women's Road Race, Individual",1
ISL,Athletics Women's Pole Vault,1
KOR,Handball Women's Handball,83
KOR,"Short Track Speed Skating Women's 3,000 metres Relay",22
KOR,Volleyball Women's Volleyball,12
KOR,Badminton Women's Singles,2
KOR,Archery Women's Individual,18
KOR,Archery Women's Team,24
KOR,Basketball Women's Basketball,11
KOR,Hockey Women's Hockey,32
KOR,"Short Track Speed Skating Women's 1,500 metres",7
KOR,"Fencing Women's epee, Team",4
KOR,Table Tennis Women's Team,3
KOR,"Shooting Women's Air Rifle, 10 metres",2
KOR,Badminton Women's Doubles,12
KOR,Badminton Mixed Doubles,3
KOR,"Short Track Speed Skating Women's 1,000 metres",9
KOR,Table Tennis Women's Doubles,10
KOR,Taekwondo Women's Welterweight,5
KOR,Table Tennis Women's Singles,2
KOR,Judo Women's Half-Lightweight,1
KOR,Taekwondo Women's Featherweight,3
KOR,Weightlifting Women's Super-Heavyweight,2
KOR,"Fencing Women's Foil, Team",4
KOR,Short Track Speed Skating Women's 500 metres,2
KOR,Judo Women's Extra-Lightweight,1
KOR,Judo Women's Half-Heavyweight,2
KOR,Judo Women's Lightweight,1
KOR,Judo Women's Half-Middleweight,2
KOR,Judo Women's Middleweight,2
KOR,"Shooting Women's Sporting Pistol, 25 metres",1
KOR,"Fencing Women's Sabre, Individual",1
KOR,Judo Women's Heavyweight,1
KOR,Taekwondo Women's Flyweight,1
KOR,Figure Skating Women's Singles,2
KOR,Shooting Women's Trap,1
KOR,Shooting Women's Double Trap,1
KOR,Speed Skating Women's 500 metres,2
KOR,"Fencing Women's Foil, Individual",1
KOR,Golf Women's Individual,1
KOR,Weightlifting Women's Featherweight,2
THA,Taekwondo Women's Flyweight,4
THA,Weightlifting Women's Featherweight,2
THA,Weightlifting Women's Lightweight,5
THA,Weightlifting Women's Flyweight,2
THA,Weightlifting Women's Heavyweight,1
ANZ,Swimming Women's 100 metres Freestyle,2
SCG,"Shooting Women's Air Rifle, 10 metres",1
SCG,"Shooting Women's Small-Bore Rifle, Three Positions, 50 metres",1
SCG,"Shooting Women's Air Pistol, 10 metres",2
IOA,"Shooting Women's Air Rifle, 10 metres",1
IOA,"Shooting Women's Air Pistol, 10 metres",1
MDA,Weightlifting Women's Featherweight,1
YUG,Handball Women's Handball,29
YUG,Basketball Women's Basketball,24
YUG,Swimming Women's 100 metres Breaststroke,1
YUG,Swimming Women's 200 metres Breaststroke,1
YUG,Table Tennis Women's Doubles,2
YUG,"Shooting Women's Air Pistol, 10 metres",1
YUG,"Shooting Women's Sporting Pistol, 25 metres",1
YUG,Alpine Skiing Women's Slalom,1
BAH,Athletics Women's 4 x 100 metres Relay,10
BAH,Athletics Women's 200 metres,2
BAH,Athletics Women's 400 metres,2
SRB,Taekwondo Women's Flyweight,1
SRB,Volleyball Women's Volleyball,12
SRB,Basketball Women's Basketball,12
SRB,"Shooting Women's Small-Bore Rifle, Three Positions, 50 metres",1
SRB,Taekwondo Women's Heavyweight,1
SRB,Athletics Women's Long Jump,1
MOZ,Athletics Women's 800 metres,2
SVK,Shooting Women's Skeet,1
SVK,"Canoeing Women's Kayak Singles, Slalom",2
SVK,Biathlon Women's 7.5 kilometres Sprint,2
SVK,Biathlon Women's 10 kilometres Pursuit,1
SVK,Swimming Women's 200 metres Freestyle,1
SVK,Swimming Women's 100 metres Butterfly,1
SVK,Shooting Women's Trap,2
PRK,Judo Women's Half-Lightweight,3
PRK,Weightlifting Women's Middleweight,2
PRK,"Speed Skating Women's 3,000 metres",1
PRK,Gymnastics Women's Horse Vault,1
PRK,Volleyball Women's Volleyball,11
PRK,Short Track Speed Skating Women's 500 metres,1
PRK,Table Tennis Women's Singles,3
PRK,Weightlifting Women's Super-Heavyweight,1
PRK,Judo Women's Extra-Lightweight,1
PRK,Judo Women's Lightweight,1
PRK,Table Tennis Women's Doubles,2
PRK,Weightlifting Women's Lightweight,3
PRK,Weightlifting Women's Light-Heavyweight,1
PRK,Weightlifting Women's Heavyweight,1
PRK,Weightlifting Women's Flyweight,1
PRK,Judo Women's Half-Middleweight,1
ZIM,Hockey Women's Hockey,15
ZIM,Swimming Women's 100 metres Backstroke,2
ZIM,Swimming Women's 200 metres Backstroke,2
ZIM,Swimming Women's 200 metres Individual Medley,2
ZIM,Swimming Women's 400 metres Individual Medley,1
HKG,Sailing Women's Windsurfer,1
HKG,Cycling Women's Keirin,1
TPE,Table Tennis Women's Singles,2
TPE,Archery Women's Team,6
TPE,Taekwondo Women's Flyweight,2
TPE,Weightlifting Women's Flyweight,1
TPE,Athletics Women's 80 metres Hurdles,1
TPE,Weightlifting Women's Featherweight,3
TPE,Weightlifting Women's Lightweight,1
TPE,Weightlifting Women's Heavyweight,1
TPE,Weightlifting Women's Middleweight,1
TPE,Taekwondo Women's Featherweight,1
BOH,Tennis Women's Singles,1
BOH,Tennis Mixed Doubles,1
LIE,Alpine Skiing Women's Slalom,3
LIE,Alpine Skiing Women's Downhill,1
LIE,Alpine Skiing Women's Giant Slalom,1
MNE,Handball Women's Handball,14
BDI,Athletics Women's 800 metres,1
VIE,Taekwondo Women's Featherweight,1
KOS,Judo Women's Half-Lightweight,1
